"DSMeson",0.8561777902079856
"LambdaCBar",0.09466927462194472
"XiCBar",0.21711170265994356
"DZeroBar",0.1681089670960549
"BCMeson",0.9288475583776459
"XiCBar",0.0851655173508551
"DZeroBar",0.6211766027338214
"DZero",0.6047432546966139
"DSMesonBar",0.547611158851703
"XiCBar",0.25935923912091335
"BCMesonBar",0.6097026101110216
"DSMeson",0.24847778181469077
"DZero",0.18283170700054105
"BCMesonBar",0.25936627529720324
"DZeroBar",0.25353387338079464
"XiC",0.33689723591211956
"DSMeson",0.45499181159866575
"XiCBar",0.6765148759677727
"DZeroBar",0.965478641964743
"XiCBar",0.4530287955973052
"LambdaCBar",0.3108882739103122
"XiCBar",0.013935138042303993
"DSMeson",0.7213496388136952
"XiCBar",1.197669644473808
"BCMeson",0.21316035645231882
"DSMeson",2.0953211106766805
"DZeroBar",0.7988921240380833
"LambdaC",0.09569599674470075
"LambdaC",0.3977870725741182
"LambdaC",0.10496088458336289
"DSMesonBar",0.49602870442781777
"BCMesonBar",0.19512342373857128
"XiCBar",0.7608100299710162
"LambdaCBar",0.017029774294494354
"DSMesonBar",0.6544830562718016
"DZeroBar",0.34394520447709903
"XiC",0.3384784265130668
"DZeroBar",0.14254113575313376
"DSMesonBar",0.19357942216085186
"BCMesonBar",0.9207235848851608
"XiC",0.717193699524996
"DZeroBar",1.2437385909595362
"DZero",1.33935880907561
"XiC",0.2453650773119474
"XiCBar",0.927598910834821
"LambdaC",0.04411329276922463
"LambdaCBar",0.5330335255186328
"DZeroBar",0.223629533871975
"XiC",0.7907961742364537
"LambdaCBar",0.15702667428378847
"DZero",0.06227981308019972
"DZero",0.8550025002526715
"DSMesonBar",0.38304982436932516
"BCMeson",0.18662091244043508
"DSMeson",1.216446566960642
"XiCBar",0.2712272985020063
"DZero",0.4081973604113155
"DSMesonBar",1.7627216619000068
"LambdaCBar",0.050836186688357723
"BCMesonBar",0.1448155243221296
"DSMesonBar",0.15488218416037372
"DSMesonBar",0.04608837426514791
"DSMesonBar",0.43562343011669763
"DZeroBar",0.29979407720692436
"DZero",0.028897858769106024
"BCMeson",0.17152392911913295
"BCMesonBar",0.11496899307084618
"LambdaCBar",0.07251536556036371
"DZeroBar",0.21629481863402333
"DSMesonBar",0.32676566001327867
"DZeroBar",0.0016613738691866947
"DSMesonBar",0.009155952639888757
"BCMeson",0.021109411388463183
"XiCBar",0.08514005483603647
"DSMeson",0.5461140208919918
"DZeroBar",0.2916661963601946
"BCMesonBar",0.1949477164397941
"BCMesonBar",0.32736603892255467
"LambdaCBar",0.2721512335774569
"DSMesonBar",0.6976039437031368
"BCMesonBar",1.2494341924818637
"BCMeson",0.13463941169536356
"DZeroBar",0.7514451643582795
"DZero",0.041039111083695616
"LambdaCBar",0.11264741441801834
"XiCBar",0.25138084014968287
"XiC",0.4508889389264864
"DSMesonBar",0.6326359256661047
"DSMeson",0.08420434664121997
"BCMesonBar",0.6356203780115564
"DSMeson",2.1026004776831564
"DZero",0.11018325954277053
"DSMesonBar",0.7226111641746469
"XiC",0.4325661929309033
"BCMesonBar",0.38589689382843934
"LambdaCBar",0.0302841646506491
"XiCBar",0.5964957631771466
"BCMeson",0.8782566968904907
"BCMeson",0.5892054347844895
"BCMeson",0.602370027239591
"BCMesonBar",0.398460356242037
"BCMeson",0.1843786540097428
"LambdaCBar",0.061032274662340694
"LambdaC",0.002237420956871376
"DZeroBar",0.6026638064865548
"LambdaCBar",0.028724500214333416
"DSMeson",0.06279471445791963
"BCMeson",0.4222137432760321
"XiC",0.12360433270802115
"BCMesonBar",0.10983441218992751
"XiCBar",0.7480327567114428
"XiC",0.030202829039479864
"DZeroBar",0.1297672528540387
"DSMeson",0.2636020760523599
"DSMesonBar",0.5789790323325142
"LambdaCBar",0.08102663232594952
"DZeroBar",0.020555622171445943
"BCMesonBar",0.3960080133492774
"BCMesonBar",0.16884607214684025
"DSMeson",1.0708272491267754
"DZeroBar",0.5255084472668816
"LambdaCBar",0.0012709805725668148
"DZero",0.006829647351087309
"BCMeson",0.10051404230112115
"LambdaC",0.38818178267633
"DSMeson",0.07070904490627432
"LambdaCBar",0.17196730009024852
"XiCBar",0.3562182222379189
"XiC",0.6580131626439737
"DZero",0.027827350729014263
"BCMesonBar",0.3907993919282129
"BCMeson",0.4009085540626977
"LambdaCBar",0.5639501076129115
"BCMesonBar",0.0004888930159206216
"DSMesonBar",0.27328525021758404
"DSMeson",0.03709151957736797
"DSMesonBar",1.075822321511648
"BCMesonBar",1.1903110010723679
"DSMeson",0.5918615943500231
"DSMesonBar",0.23495077733085648
"LambdaCBar",0.01162164518541368
"LambdaCBar",0.08218436040328919
"XiC",0.6513822931839998
"LambdaC",0.03174766787761104
"DZero",0.7034139782917849
"BCMesonBar",0.24554806259630163
"LambdaC",0.06220238219032043
"DSMeson",0.43821380588643194
"XiCBar",0.09221686173023966
"DSMeson",0.8150409870301196
"BCMesonBar",0.7578565377133728
"BCMesonBar",0.43268416708057705
"BCMeson",0.6248848241167635
"DSMesonBar",0.2621687839338616
"LambdaCBar",0.20421578349910968
"DZero",0.22334326454415057
"BCMeson",0.136429994988356
"BCMeson",0.8758049731755325
"BCMesonBar",0.7114374609546886
"DZeroBar",1.3705457319310173
"DSMesonBar",0.4022186924052941
"DZero",0.4080996694197544
"XiCBar",0.1488378810098573
"XiC",0.9677207419310272
"BCMeson",0.37853894475224603
"XiCBar",0.25774405874714795
"DSMesonBar",0.4643674687492035
"DZero",0.8037711088334598
"DZero",0.3003280795994897
"LambdaC",0.7080772601867213
"DSMesonBar",0.20449763170885263
"LambdaCBar",0.05849814937603002
"XiCBar",0.42595741135555043
"BCMeson",1.2883680426510749
"XiCBar",0.33345185467332217
"LambdaC",0.07812168294318154
"BCMesonBar",0.5132505053694514
"DSMesonBar",0.3397289621794668
"DSMesonBar",0.18699560310419863
"BCMesonBar",0.6699677057220148
"DSMesonBar",0.24405269935021942
"DZeroBar",0.10347718077333601
"LambdaCBar",0.008895029388023576
"DSMesonBar",0.2894060160293119
"BCMesonBar",0.7006766447508553
"DZeroBar",0.1122244287846706
"DZeroBar",0.0797316997166989
"XiC",0.38533392767318314
"BCMeson",0.4228216370776071
"BCMeson",0.1663985933076338
"DZeroBar",0.7369339063348842
"LambdaC",0.7385090894782804
"LambdaC",0.5339377562151975
"XiC",0.1416604231380281
"BCMesonBar",1.369175429976032
"LambdaC",0.07841070645807491
"DZero",0.24893780737568824
"XiCBar",0.09961841710586958
"LambdaC",0.1292233209059063
"BCMesonBar",0.23024489782406776
"BCMesonBar",0.5334301494777994
"XiCBar",0.0825558585682949
"DZero",0.8214052371632533
"DSMesonBar",0.5462310422812804
"DZeroBar",0.2125772743793247
"DZero",1.81464296870047
"DSMesonBar",0.5282173801259186
"DSMeson",1.6580557870923494
"BCMeson",1.1222585353553645
"DSMesonBar",0.8523869460883163
"DZeroBar",0.16093070243398788
"XiCBar",0.36944426908435724
"DZero",0.6990127547759478
"XiC",0.19233286277536527
"BCMesonBar",2.6998338289632557
"XiC",0.10873365289015796
"XiC",1.0352616651587938
"DSMeson",0.11807223685061119
"BCMesonBar",0.2595738237860627
"BCMeson",0.3534045171425565
"XiCBar",0.480009477945759
"DSMeson",0.24452086528169398
"BCMeson",0.19434537185994766
"XiC",0.02207029808784913
"XiCBar",1.6227796831446835
"XiC",2.1536148320878983
"XiCBar",0.07601820409968496
"BCMeson",1.008172758389977
"LambdaCBar",0.14489803032699655
"BCMeson",0.23913402821155982
"BCMeson",0.6448295455666848
"BCMesonBar",0.08125592064116674
"DSMeson",0.843339903859743
"DSMesonBar",0.4516314882714811
"DSMesonBar",0.16380742538092957
"LambdaC",0.4838250155543965
"DZeroBar",0.3071910018278914
"LambdaCBar",0.12151361788472888
"BCMesonBar",0.729235882994987
"BCMeson",0.7751842876584646
"XiC",2.5849284207470133
"XiC",0.6431276304742288
"XiCBar",0.812235211045165
"BCMesonBar",0.47811509338378283
"LambdaCBar",0.20307712765982516
"BCMesonBar",1.5499967419677532
"LambdaCBar",0.18076247805628207
"XiC",0.29133232645118096
"LambdaC",0.23950776816707253
"DSMesonBar",0.12178673080348641
"XiCBar",0.10864828024112813
"XiC",0.2257088123802795
"BCMeson",0.4260901286314949
"DSMesonBar",0.416224126003684
"DSMeson",0.09086394073155166
"DZeroBar",0.24523696323346986
"LambdaC",0.019477886408235015
"BCMeson",0.8858954098449136
"XiC",0.34869209892463277
"DZero",0.15240788785882683
"BCMeson",0.6629042034498437
"XiC",0.2793275389688662
"XiC",0.14091657161167537
"DZero",0.19077420812196313
"BCMeson",0.7000030258713056
"XiC",0.3986107908882271
"LambdaC",0.5698356120984459
"DZeroBar",0.5815279714981506
"DZero",0.09416478522744927
"LambdaC",0.0786136876929959
"DSMesonBar",0.705669980323846
"XiC",0.7720562383873487
"DSMesonBar",0.29869799099463834
"BCMesonBar",0.09329065540916939
"BCMesonBar",0.1503218659054121
"LambdaC",0.21462486394938823
"DSMeson",0.13979605565204978
"XiCBar",0.09010499953432076
"DZero",0.3597256763512929
"XiC",0.6993094677897277
"DZero",0.24962174279637225
"BCMeson",1.0277436882991942
"LambdaCBar",0.0159746347861826
"BCMesonBar",0.1987879544025409
"DSMesonBar",0.06538732384024987
"DZeroBar",0.22137099001432894
"XiCBar",0.6902913292404629
"BCMeson",0.0905677875316846
"DZeroBar",0.7436681720892185
"DZeroBar",1.230025808735371
"DSMesonBar",0.4919190619224839
"LambdaC",0.3117221828044441
"BCMesonBar",1.063260434704143
"XiCBar",0.2559507242234936
"XiC",0.33928268900129566
"LambdaC",0.03251272756323061
"XiC",0.10519561982192298
"DZero",0.018120840345490438
"DSMeson",0.7926693793517379
"XiC",0.14780116154351122
"XiC",0.21214163011771373
"BCMeson",0.1749411873800466
"LambdaC",0.36007099146040855
"XiCBar",0.08521553360246596
"LambdaCBar",0.22530002138507307
"LambdaCBar",0.41552862852292516
"DSMesonBar",0.9948841718973452
"XiC",0.3240200439663188
"XiC",0.6579521141188175
"XiCBar",0.47713831146544805
"XiC",0.07035820500385173
"BCMesonBar",0.4005781147096501
"DSMesonBar",0.31432386405092994
"XiC",0.5127023819290665
"BCMeson",0.1473627686241403
"DSMesonBar",0.6215708398714599
"BCMeson",0.38947879376283845
"LambdaC",0.7209669110755732
"XiCBar",0.3833919034894779
"DZero",0.25108946515940533
"DSMesonBar",0.27012034533452217
"DSMeson",0.008802895761279511
"LambdaC",0.1553492101289363
"BCMesonBar",0.2476095881502889
"DZero",0.12587344878264328
"DSMeson",0.5670843274473479
"XiC",0.8209708977721845
"XiCBar",0.03667662683689047
"DZero",0.008815614438049875
"XiCBar",0.5241677045591496
"DSMeson",0.11420102637864543
"BCMesonBar",0.1681986903899782
"DZero",0.048796576823937364
"DSMesonBar",0.372331823405911
"BCMeson",0.4863555616007736
"DSMeson",0.30265309304285115
"LambdaCBar",0.11993401326197402
"XiC",1.6117654672618407
"DZeroBar",2.008678048068099
"DSMeson",1.326460515113481
"LambdaCBar",0.039506441779892466
"BCMesonBar",0.6795568806167291
"XiCBar",0.013132598194005245
"XiC",0.11110489057038744
"DSMesonBar",1.717115340137114
"BCMesonBar",0.6541424677823493
"XiC",0.41510964074889106
"DSMeson",1.0850488238325495
"DZero",0.020338392587922763
"LambdaC",0.08913347258913239
"LambdaC",0.007498476207722266
"XiC",0.8502551998929545
"LambdaCBar",0.06948288973815057
"DZero",0.21277277915127688
"BCMeson",0.31734675719326155
"DSMeson",0.13308841511989497
"BCMeson",0.9226368445493145
"DZero",0.028009135946944163
"DSMesonBar",0.2891916921862298
"LambdaCBar",0.1478951749467133
"LambdaCBar",0.051200948916359346
"DZero",0.0015391319532051862
"XiC",0.18845172904076332
"XiC",1.0817741548415793
"DSMesonBar",1.3610600686534025
"DSMeson",0.857039115812119
"XiCBar",0.3165316597630798
"BCMesonBar",0.06107881327625853
"DSMeson",0.5003655251560818
"LambdaC",0.3436232888967423
"DZero",0.05699959710159546
"BCMesonBar",0.2680134431763701
"XiCBar",0.8136461333877565
"DZero",1.4669601899713127
"XiC",0.38289029083179743
"DZeroBar",0.22500788821988615
"DSMesonBar",1.323057592807839
"BCMeson",0.19971541212692243
"XiCBar",0.144951037179993
"LambdaC",0.27692866796628207
"LambdaCBar",0.4360998275802961
"DSMeson",0.07641996124129187
"DZero",0.4598146232605851
"BCMeson",0.37510559465813886
"BCMesonBar",1.6045190704386112
"DZero",0.16673977350192207
"BCMesonBar",0.3959508710436721
"DSMeson",0.3672896934523961
"XiCBar",0.14080968759499504
"XiCBar",1.07913055614984
"DSMeson",0.012164416661269276
"DZeroBar",0.8197555553901323
"XiCBar",0.864842757672943
"XiC",0.41510571529654555
"XiC",0.34997158502656506
"BCMeson",0.18289432144395382
"DSMesonBar",0.7652713562438004
"XiC",0.2957375052860895
"DSMesonBar",0.585291736475522
"DZero",0.833681985371642
"BCMesonBar",0.194133680661707
"LambdaCBar",0.1263380438248969
"DZeroBar",0.9185784424631603
"LambdaCBar",0.15776076748257742
"XiC",1.912024836656565
"XiCBar",0.15211807929942425
"XiCBar",1.0013845329866478
"DSMesonBar",0.29303650722081515
"DSMeson",0.05506266783664774
"DZeroBar",0.6733069683271605
"LambdaCBar",0.002137728611760513
"XiCBar",0.3061283656995333
"LambdaC",0.1721384404862373
"DSMesonBar",0.0007545354920935007
"BCMeson",0.2871063667356801
"BCMeson",0.2971774312103866
"BCMesonBar",0.119541933678938
"DSMeson",0.21208326551588028
"BCMesonBar",1.001929559461751
"DSMeson",1.2385647295589641
"DSMesonBar",0.6681962208540578
"BCMeson",0.6726366702844025
"LambdaCBar",0.23339730237326603
"DSMeson",0.5300562235434308
"BCMeson",0.2530335066082092
"LambdaC",0.24707696889484998
"DSMesonBar",0.7122451082610469
"DZeroBar",0.1715313190339721
"BCMeson",0.16692709418887386
"LambdaC",0.15867550079456794
"XiCBar",0.12113467996997833
"LambdaC",0.050738811050499266
"XiCBar",0.2264616577121882
"DSMesonBar",0.18458620308149468
"BCMeson",0.17896531548642827
"XiC",0.038154446976114795
"DZero",0.4894505759952339
"LambdaC",0.29852192718444936
"XiCBar",0.21107806675439886
"LambdaCBar",0.4105192071625685
"XiC",1.2695834938718356
"BCMeson",0.4377100415802401
"DZeroBar",0.07797723500612928
"LambdaCBar",0.24584907715281173
"XiC",0.012932588489255336
"DSMesonBar",0.5709000151210457
"XiC",0.6188523585313565
"LambdaCBar",0.07180740500628913
"DSMeson",0.5265412253896875
"XiC",0.27891368654788035
"DZeroBar",0.45099450826048915
"BCMesonBar",0.2817958602739531
"DZero",0.8510314137115239
"DZeroBar",0.3410012292158234
"DSMeson",0.15913901921206916
"DSMeson",0.17781072940710205
"XiC",0.0232454963222453
"LambdaCBar",0.046538448935902026
"DZero",0.028621737537752708
"BCMeson",0.07831941367202512
"BCMesonBar",0.030286078608998825
"DSMeson",0.02006649654478187
"BCMesonBar",0.11954693879940971
"LambdaC",0.08442982896974027
"DSMesonBar",0.21794566822904898
"DSMesonBar",0.6262420353937742
"XiCBar",0.012523136595721622
"DZeroBar",0.1140462211753342
"DSMesonBar",0.10570141825555789
"XiC",0.3642067195106481
"LambdaCBar",0.04594946410719613
"BCMesonBar",0.10955392430064297
"DZeroBar",0.10074274416558299
"BCMeson",1.109271178898294
"DSMesonBar",0.26076132122691636
"XiC",0.07477036129455304
"DZeroBar",1.0058377677204884
"BCMesonBar",0.03706754944575583
"XiC",1.1251211304599205
"BCMeson",0.6915565439956953
"LambdaC",0.04262345714760314
"LambdaC",0.05803468334887473
"BCMeson",0.20768369486683042
"LambdaC",0.04626822570458618
"DZero",0.36968576340100456
"DZeroBar",1.4877848253472727
"BCMesonBar",0.7230198067891538
"XiC",0.1868753853262698
"DSMeson",0.2666035161658078
"DZero",0.1378634790738384
"BCMeson",0.7013930016392755
"DZero",0.36568695327724116
"BCMeson",0.22162126563151385
"LambdaCBar",0.21343372465820704
"DSMeson",0.057699963820037156
"XiC",0.26977166323720175
"BCMeson",1.4403742991151696
"DSMeson",0.18469349211155262
"LambdaC",0.5276168010784429
"XiCBar",0.4957393058708498
"BCMeson",0.05335669735970185
"LambdaC",0.12303014627732543
"DZeroBar",0.6481254213603291
"BCMeson",0.9405157503447801
"LambdaC",0.13777198655163878
"DSMesonBar",0.029449264239902764
"XiC",0.21103067043595794
"BCMeson",1.415490360257418
"BCMesonBar",1.133068966179677
"DZero",0.02944378757755218
"DZeroBar",0.08550102883718187
"BCMeson",0.5351992796480235
"LambdaC",0.06029234171643625
"XiCBar",0.17769749399570453
"XiC",0.06776832641161251
"DZero",0.6687704885124691
"DZeroBar",0.7238816908446454
"BCMesonBar",0.24703411917527865
"DSMesonBar",0.15760605399475483
"LambdaC",0.21120769951929674
"DZeroBar",0.1447206611766203
"BCMeson",0.24293930549598253
"LambdaCBar",0.17339926538715733
"XiC",0.05324696436464355
"DSMeson",0.8876366011609714
"BCMesonBar",0.9943767897499232
"LambdaC",0.0848846198267183
"DSMesonBar",0.38641589920010133
"XiC",0.22883239075966794
"DZero",0.032917220296015334
"BCMeson",0.018574439977550504
"LambdaCBar",0.13041779401789186
"DSMesonBar",0.34307096639577617
"DZero",0.7873276775311788
"DZeroBar",0.47057415698557303
"XiCBar",1.3699667806961142
"XiCBar",0.5005097958143797
"LambdaC",0.07740995829608624
"XiCBar",2.80880200057531
"DSMesonBar",0.013583361760351359
"LambdaC",0.11341699301967033
"BCMeson",0.21509337158168318
"BCMeson",0.5786600886460309
"DSMesonBar",0.30590023130023064
"DZero",0.05559425810055196
"LambdaC",0.036241897572106864
"XiCBar",0.639103904883612
"LambdaCBar",0.019741608188190353
"DZeroBar",0.8840310230466266
"DZero",0.5925895609541035
"BCMeson",0.4267195849870628
"DZero",0.38281003631559607
"DSMesonBar",1.3479074239889972
"XiC",0.022223332118025435
"BCMeson",0.05731181813217425
"DZeroBar",0.1439318328327749
"DSMeson",0.28722015495441416
"DZero",0.40731730660459475
"LambdaC",0.2538217403034291
"DSMesonBar",0.5940272348348078
"XiC",0.6627465996197007
"LambdaC",0.5337558334146205
"XiCBar",0.1991723419819521
"BCMesonBar",0.1359524499713058
"XiC",0.15227627759560963
"LambdaCBar",0.734155660136237
"DZero",1.2582497540208801
"BCMeson",0.5089399334829421
"DZero",0.29574528583587634
"LambdaCBar",0.05880384282011766
"BCMeson",0.03993378416892561
"DZeroBar",0.2878628144976945
"DSMeson",0.8211026567815736
"DSMeson",0.33015045661087156
"XiC",2.577814159001508
"DZero",0.18237784392696768
"DSMesonBar",0.08079634547556472
"DSMeson",0.3275137566038828
"DZero",1.1649283106529393
"DSMeson",0.5678275504343511
"XiC",1.017925229191452
"DZero",0.11452778422278796
"BCMesonBar",0.09980430600693958
"LambdaCBar",0.37998480514996646
"BCMeson",0.2661845342021629
"DSMesonBar",0.12451427579939275
"DSMeson",0.6502747724897141
"DSMeson",0.7859670244225438
"DZeroBar",0.10597247742941851
"DSMeson",0.3768648439144933
"LambdaCBar",0.12289782970413472
"LambdaCBar",0.11579668480909239
"DZero",0.5285489800880532
"XiCBar",0.1603856292353863
"DSMesonBar",1.057901642160886
"DZeroBar",0.15294150214684277
"XiC",0.32096740745654573
"XiCBar",0.5569683526556216
"LambdaC",0.08290006535799978
"LambdaC",0.0102263236529367
"DZero",0.12972558633439177
"LambdaCBar",0.026883635674834202
"XiCBar",0.20718017868057445
"DSMesonBar",0.08504300448371589
"LambdaC",0.021547391411761155
"LambdaCBar",0.13309404324273008
"XiC",0.8723830072766913
"XiC",0.3128371979707014
"XiCBar",0.045770250625640795
"LambdaCBar",0.1643928363526096
"LambdaC",0.1387616042290409
"BCMeson",0.09646767874042962
"DZeroBar",0.7874776051789696
"XiCBar",0.4491351802484041
"XiC",0.4561276154285698
"DSMesonBar",0.4893193065124322
"BCMesonBar",0.417081218180492
"DSMesonBar",0.6138034934777787
"DSMeson",0.0857756139679339
"DZeroBar",0.3100782481617567
"DSMesonBar",0.6263297634617888
"LambdaCBar",0.07690293661553455
"XiCBar",0.03622331062746221
"XiCBar",0.29326557587847946
"DZero",1.235193920857608
"DSMesonBar",0.17577079386818217
"LambdaCBar",0.0271003869758227
"XiC",0.04716105014671034
"DSMeson",0.09980912246092646
"DSMesonBar",0.34606991882506855
"XiC",1.0618155730994292
"LambdaCBar",0.27340599389630216
"DSMesonBar",0.4149981307757526
"XiCBar",0.05854489555726071
"BCMeson",0.7245793180935933
"DSMesonBar",0.7741692662588178
"BCMesonBar",0.7170773737935915
"XiC",0.8201872677135454
"DSMesonBar",0.06549211550873303
"DSMesonBar",0.2111128982866623
"DZeroBar",0.22119546898147024
"DZero",0.0026305102142007274
"DZeroBar",0.31459947522949067
"DSMesonBar",0.8243827359925615
"LambdaCBar",0.03683502817359682
"DSMesonBar",0.7885193235889875
"BCMeson",0.673030700684448
"DZeroBar",0.017409136571052267
"DSMesonBar",1.1097212773855496
"LambdaCBar",0.11901244193310148
"LambdaC",0.23523011155221596
"DZeroBar",0.7250432078186227
"DZeroBar",0.23799990771518514
"BCMesonBar",0.3788569261130297
"DSMesonBar",0.46385976641981064
"BCMesonBar",0.14917772980669927
"DZero",1.1194746887470355
"DSMesonBar",1.1400066483690876
"XiCBar",0.08185110255720146
"DZeroBar",0.3099677781622846
"BCMeson",0.33658400804387
"XiC",0.20045763379840661
"LambdaC",0.4597974115401347
"XiCBar",0.1777749285571773
"XiCBar",0.184281848537474
"DZero",0.5808274146431673
"XiC",0.15037124140591943
"DSMeson",0.5253883161686549
"DSMesonBar",0.31990154296947243
"DZero",0.30721126515423863
"LambdaC",0.3971802369423407
"LambdaC",0.3520405013562226
"DZero",0.2549173190066167
"LambdaC",0.8498570431859046
"DZero",0.3841631580023619
"DSMesonBar",0.40631886111964
"BCMesonBar",0.6133205701802651
"LambdaCBar",0.15245521930682385
"DSMeson",1.005040756339857
"BCMesonBar",0.35285233856293624
"BCMeson",0.02631701415535438
"DZero",0.3633898952088646
"LambdaC",0.3218753397550737
"DZeroBar",0.24036002123880526
"BCMeson",0.10185402198418092
"DSMeson",1.1636590960431876
"DZero",0.18506111931687147
"DSMeson",0.43698851296071317
"XiC",0.30505791334761184
"XiCBar",0.09565708361390517
"BCMesonBar",0.09519076693352448
"DZero",1.0616845813087334
"XiCBar",0.20965976921021987
"XiCBar",0.9969170626798796
"DZeroBar",0.7245460427785897
"DZeroBar",0.29050183673111374
"DZero",0.014053398721802146
"BCMesonBar",0.5862961355779449
"BCMesonBar",0.5667986794291514
"LambdaC",0.25227071980972576
"BCMesonBar",0.4636909258265197
"LambdaC",0.13120177139903597
"DSMesonBar",0.3301884302426356
"BCMesonBar",1.0068603149905277
"XiCBar",0.015539058937620897
"DZeroBar",0.04152576236910933
"LambdaCBar",0.06492289013616105
"LambdaCBar",0.23475079118775066
"XiCBar",0.4013262476736641
"DSMeson",0.38382196155456194
"DSMesonBar",0.3528436158604432
"DSMesonBar",1.00595878308175
"LambdaC",0.07052505343458235
"LambdaCBar",0.07331545993330549
"DSMesonBar",0.10069672940803076
"XiCBar",0.0018602785853535238
"DZeroBar",0.3273754844980256
"DSMesonBar",0.549250982326736
"LambdaCBar",0.009379711516086922
"DSMeson",0.9118602136166749
"XiC",0.6147393860170374
"LambdaC",0.5008921817801605
"DZeroBar",0.023972800771580458
"DSMesonBar",0.14420775258868843
"XiCBar",0.299430466266367
"BCMeson",0.5446396323399526
"BCMesonBar",0.3477807466123031
"DZeroBar",0.36463352650649444
"DZero",0.396091078499972
"XiC",0.6795117226720947
"BCMeson",1.103296283417089
"BCMesonBar",0.36735175258105746
"DZero",0.900300817686026
"DSMeson",0.011549493262037792
"DSMesonBar",0.3350882883448632
"XiCBar",0.43262169089765706
"BCMeson",2.256155978682007
"XiC",0.3280492362199624
"LambdaC",0.12104805430718409
"DZero",0.39780383148738296
"DSMeson",0.2289891988969423
"XiCBar",0.06695796125714532
"DSMesonBar",1.5259278794824438
"LambdaCBar",0.45914810629919967
"BCMeson",0.7011261638000644
"LambdaC",0.11499624282834575
"BCMeson",0.06450325633312848
"DZero",1.0567627747485122
"LambdaC",0.17719490947407165
"LambdaC",0.22868394629545327
"XiC",0.26836928775072444
"BCMesonBar",0.5373466204306422
"DSMesonBar",0.2731871823740984
"DSMeson",0.32464009425004126
"DSMesonBar",0.15623607710067577
"XiC",0.3235265172052422
"XiC",0.0730056553615878
"LambdaCBar",0.18980088487167032
"DZeroBar",0.2118061448402725
"DZeroBar",2.086961966383643
"BCMeson",0.2038557155329801
"BCMeson",0.721535263842499
"XiCBar",0.05492247919472616
"LambdaC",0.3038067341917743
"DZero",0.8604600425338491
"LambdaC",0.13962037919143774
"DZero",0.17192242763111742
"DZeroBar",0.47728580859555175
"DSMeson",0.44536611372818136
"DSMeson",0.3163739138089965
"DZeroBar",0.02173917474124967
"BCMeson",3.0957116115050276
"BCMeson",0.139467974163509
"DSMesonBar",0.0771174271630379
"LambdaCBar",0.17110151105183316
"LambdaCBar",0.036661634169252354
"BCMeson",0.03732199736929211
"XiC",0.8624850453547815
"XiC",0.3577035814542885
"BCMeson",0.43930382113069333
"BCMeson",0.7442756322502359
"XiCBar",0.6948663492888614
"DSMesonBar",0.5963542063447477
"BCMesonBar",0.2482365150335229
"LambdaCBar",0.0038181312392332038
"XiC",0.5972236782101693
"DZero",0.38075466756618453
"BCMeson",0.11247358902785227
"DSMesonBar",0.5283720062576099
"XiC",0.13588597653210865
"DZero",0.7676644660356499
"DZeroBar",0.20587140200978304
"DSMeson",0.11183861188876715
"DZeroBar",0.17390304566113582
"DSMesonBar",0.12335172910919343
"BCMeson",0.549301731445138
"DZero",0.024122044280133696
"XiCBar",0.8264458407647557
"DZeroBar",0.6384634771104688
"XiCBar",0.3947620282156618
"XiCBar",0.305104543080203
"XiC",0.3347527001397742
"DSMeson",0.08661027319269494
"XiCBar",0.42013938752073193
"XiCBar",0.5166860823337367
"LambdaCBar",0.3768623807850043
"BCMesonBar",0.8052643644261033
"BCMeson",0.3585429082608232
"DZeroBar",0.28869388713256317
"LambdaCBar",0.0386517533274697
"XiC",0.19897736797041238
"XiCBar",0.29797246210180756
"DSMesonBar",0.6297945872252245
"DZeroBar",0.0797540698600431
"BCMeson",0.6558644814586441
"DSMesonBar",0.025323507977866262
"DZero",0.3127920911769679
"XiC",0.15291967159625983
"XiCBar",0.2789437578690613
"LambdaC",1.2358105414103042
"DZeroBar",0.34772570367713274
"BCMesonBar",2.934349871683008
"DZero",0.03843683104166816
"DZeroBar",0.055635584913907105
"DZeroBar",0.30813843328110085
"XiC",0.24855895594216376
"DZero",0.2619600301237673
"BCMeson",0.543870839577416
"DZero",0.19885703629194218
"BCMesonBar",0.9143875801610483
"DSMesonBar",0.6301340763156336
"DZeroBar",0.3143655794862088
"LambdaC",0.3790488104141538
"DZero",0.3811740210836833
"BCMeson",0.126363768162701
"BCMesonBar",0.628064590349715
"LambdaCBar",0.11435180848276372
"LambdaCBar",0.250729154134375
"LambdaC",0.0726204068180267
"XiCBar",0.49056011025376084
"BCMesonBar",2.0145721258486238
"XiC",0.07886792657977293
"XiCBar",0.26012167741536507
"DSMeson",0.1888726010996061
"XiC",0.6986999748459566
"LambdaC",0.05212063986045974
"XiCBar",0.14420738678999256
"LambdaCBar",0.1978875289208003
"LambdaC",0.00869794784082865
"LambdaC",0.19256052683842936
"DZeroBar",0.8683744370867281
"LambdaCBar",0.2739710605964317
"LambdaC",0.048679486971822436
"LambdaCBar",0.34535712319624445
"DZeroBar",0.12892728304259235
"XiCBar",0.10899797654143854
"DZeroBar",0.2538214478043066
"XiCBar",0.196718244273498
"DZeroBar",0.08138726648857234
"BCMeson",0.2962631625654597
"DSMesonBar",0.20669485314950475
"XiC",1.6584268530843636
"DSMesonBar",0.029634883540840106
"LambdaC",0.007745642161844202
"BCMesonBar",0.9183518162859852
"BCMesonBar",0.04608113371203152
"LambdaC",0.18715120406758834
"XiCBar",0.6311057358722336
"DZero",0.020293853170221855
"LambdaC",0.02835506173030941
"BCMeson",0.4597130763332938
"LambdaC",0.13844762804457164
"DSMesonBar",0.16457321143139583
"DSMeson",0.44713536877409216
"LambdaCBar",0.11883469643708043
"BCMesonBar",0.004874074251403321
"BCMesonBar",0.3080027566500126
"DZero",0.7470925636261526
"BCMesonBar",0.28530290360532545
"DZero",0.577156609918988
"DZeroBar",0.36776841022758533
"XiC",0.8471741262195428
"LambdaC",0.3271073272796441
"XiCBar",0.018117106356653805
"DZeroBar",0.2724396241552765
"DSMesonBar",0.5263955040882802
"XiC",0.01421923168176284
"XiCBar",0.046778327235407695
"LambdaCBar",0.05141022310463206
"DSMesonBar",0.5784391480686848
"XiCBar",0.18166221359477217
"DZeroBar",0.034459634345549155
"DSMesonBar",0.4183546101687899
"XiC",1.0737935533823537
"LambdaC",0.010394317640222236
"XiC",0.013237293262491167
"XiCBar",0.6453013003551682
"BCMesonBar",0.30785570860224837
"XiC",0.8156283424184747
"DSMesonBar",0.14980566245171256
"DZeroBar",1.1540935154714527
"LambdaCBar",0.07713883222650741
"XiCBar",0.2382840874269932
"XiCBar",0.016879261242582357
"BCMeson",0.03005447231439212
"LambdaCBar",0.25299078448384504
"DZero",0.0872275313937667
"DZeroBar",0.3668897697383641
"LambdaCBar",0.13281682687552607
"DSMeson",0.26950162952351425
"XiCBar",0.043671234293164364
"DSMeson",0.5865546779282181
"XiC",0.8112376832218402
"DSMesonBar",0.2473034907510674
"LambdaC",0.4836272102549408
"BCMeson",0.035693149438924966
"DSMeson",0.13079878428124123
"LambdaCBar",0.14825414008673474
"DZero",0.07213755448216487
"XiC",0.2494950675259496
"LambdaC",0.27163444992899705
"DSMesonBar",0.05865413032897748
"DZeroBar",0.0996608025571251
"LambdaC",0.2656394951931387
"DZero",0.11549109623230462
"DSMesonBar",0.5534187617248435
"DZero",0.5047824139774075
"LambdaCBar",0.2948696199831972
"BCMesonBar",0.041457784598254825
"LambdaC",0.008223275237130135
"LambdaC",0.006619689165185154
"DZero",0.24246305767989046
"LambdaC",0.05542591628695506
"LambdaC",0.04189266641072771
"BCMeson",0.4249097399754895
"DSMesonBar",0.1537652805900929
"DSMesonBar",0.41826828087690604
"BCMesonBar",0.1574388229702231
"BCMeson",0.946619622402339
"XiCBar",0.03699143939304753
"BCMeson",0.0503795239126289
"BCMeson",0.7025074896027576
"BCMeson",1.2742237977942048
"DSMesonBar",0.195804914169144
"XiC",0.32334198519775653
"XiCBar",0.14556302567833318
"DZeroBar",0.22626722910277824
"BCMeson",0.2537385240551696
"LambdaC",0.21177938745791458
"LambdaC",0.15859632106133825
"LambdaCBar",0.09405390641599888
"DSMesonBar",0.1889296479306923
"DZero",0.4025844479279884
"DZeroBar",0.6707509901597762
"DSMesonBar",1.5064225958050446
"BCMeson",0.30211022122711195
"DSMesonBar",1.1416697713444304
"BCMesonBar",0.5955231298645532
"LambdaC",0.01677959852020407
"BCMeson",0.4863399033173462
"BCMesonBar",3.338454365621821
"XiC",0.26727355383702045
"DZeroBar",0.14333102920891266
"LambdaC",0.053913824871920306
"DSMesonBar",0.5184424527363667
"LambdaCBar",0.10915261358967661
"DZero",0.32290827857450155
"XiCBar",0.4170577900125392
"XiCBar",0.0419494224886204
"DZeroBar",0.22899720064940252
"DSMeson",1.1714890807248326
"BCMesonBar",1.3684124788548018
"XiC",1.3604956452326618
"XiCBar",0.07052812381063867
"XiC",0.5555307160570478
"LambdaCBar",0.14272716982683195
"XiCBar",0.7010016558866399
"XiCBar",0.6061370203011354
"XiCBar",0.6188560373333075
"DSMesonBar",0.23134823829154613
"BCMesonBar",0.771530708690429
"DZeroBar",0.031235364675511287
"DSMeson",0.17158886126712722
"BCMeson",0.3215603750838038
"BCMesonBar",0.7820131539785222
"DZero",0.5380239409494083
"LambdaCBar",0.055757932764739296
"DZeroBar",0.05554534378977558
"LambdaC",0.12397153898736446
"DZero",0.09587518083035021
"LambdaCBar",0.5055529476468509
"LambdaC",0.5973774391574694
"DZero",0.21069069648503644
"DZeroBar",0.13225966168390538
"XiCBar",1.632495700002821
"DZero",1.5210789575544297
"BCMeson",0.40625686092486674
"DZeroBar",0.06028613748596934
"DSMesonBar",0.6519188744194307
"DSMesonBar",1.053272982458926
"DZero",0.660999980279154
"DZeroBar",0.2545237724910603
"XiCBar",0.052763299230999844
"BCMesonBar",0.05423133935634451
"LambdaC",0.3268138905978795
"XiC",0.13190620373488474
"LambdaC",0.436897854844734
"LambdaC",0.07419631697841436
"DZeroBar",0.8233669152882898
"DZeroBar",0.3109589445194648
"DSMesonBar",0.1776319355772016
"DZeroBar",0.055763000037204476
"DSMesonBar",0.1291150136053385
"DSMesonBar",0.23304642067339065
"BCMesonBar",0.25005986290480936
"DZeroBar",0.170316787446367
"DZero",0.13590070519715508
"XiC",1.3303601491139456
"XiC",1.5663708240288032
"DZeroBar",0.49419404607435286
"BCMesonBar",0.2544423136601805
"XiC",0.07259481327503839
"XiC",1.001314644735276
"BCMeson",0.4172607810516951
"DZeroBar",0.7258138789926799
"XiC",0.8194724743457166
"XiCBar",0.4404742249915187
"LambdaCBar",0.20772145794670852
"BCMeson",0.02824224623508606
"XiC",0.06388100405830839
"XiCBar",0.2248647413629757
"BCMeson",0.1566130205468926
"BCMeson",0.9591069858365333
"LambdaCBar",0.47779033213695626
"DSMeson",0.2574002289755337
"BCMesonBar",0.5959926635122772
"DZero",0.20964540083106448
"XiC",0.902193723442483
"BCMeson",0.5546177042355794
"LambdaC",0.15690358067263788
"DSMeson",0.1924148574596866
"DZero",0.06787015765313305
"XiCBar",0.3939710560639889
"DZeroBar",0.05356504037237612
"DSMeson",1.243068277261473
"BCMeson",0.15803641008211258
"LambdaC",0.04253227050324711
"LambdaC",0.5230748301146495
"LambdaC",0.24108142015499978
"LambdaC",0.3121464847266146
"DSMesonBar",0.5446348583465382
"XiCBar",0.09253700681027464
"DSMeson",0.7181288726803033
"DZeroBar",0.5743216634254021
"LambdaC",0.0824394907011504
"BCMesonBar",0.3342635582954843
"DSMesonBar",0.26242839534488527
"DZeroBar",0.7467757432528187
"BCMeson",0.8676333058378896
"DZero",0.22851107849005156
"DZeroBar",0.11716159903558404
"LambdaCBar",0.08678582273056094
"XiCBar",0.37731016522485844
"LambdaC",0.37302900892812657
"DZero",0.29179160426921547
"DSMeson",0.0961856060303156
"BCMeson",0.5492159036735718
"DZero",0.2305996004043565
"DSMesonBar",1.0547265339752874
"XiCBar",0.19095373144642833
"DZero",0.6657838419684363
"LambdaCBar",0.16636096213880414
"LambdaCBar",0.03060079801643762
"XiCBar",0.2160047341082879
"DSMeson",0.4656224026022463
"DSMeson",0.8025526028447812
"BCMeson",0.7211764834705002
"DSMesonBar",0.13757935429644944
"BCMesonBar",0.8552510616443868
"DZero",0.29926532353355606
"DSMesonBar",0.009082031624660612
"BCMesonBar",0.038238439996618905
"DZero",0.23461498598909672
"BCMeson",0.4090687924301461
"BCMesonBar",1.2822771703714484
"DSMeson",0.10086627918141296
"XiCBar",0.19412067956919568
"DSMesonBar",0.6716132312259249
"DSMesonBar",0.06264187761235433
"DSMeson",0.664450343206036
"DZeroBar",1.1426105656231627
"DSMesonBar",0.007343365027991397
"DSMeson",0.5086140862060082
"DZero",0.9514644655149711
"DZero",0.3005558884206729
"DSMesonBar",0.8103752331837972
"BCMeson",0.13628171506676326
"XiCBar",0.381978831668757
"BCMeson",0.07558561729450779
"XiC",1.5004816097679667
"DSMesonBar",2.9194361842093786
"BCMesonBar",0.3318129427821449
"BCMeson",0.14272361100016046
"LambdaC",0.2959784266940472
"XiCBar",0.20389945528651698
"DSMesonBar",0.3465852188005378
"LambdaCBar",0.039138734510240726
"BCMeson",1.8983953784498169
"BCMeson",1.012121492928976
"DZero",0.0741889932322323
"LambdaCBar",0.031146040193723624
"BCMeson",0.8305574563206409
"DZeroBar",0.31271528393941667
"LambdaCBar",0.06791176012152837
"LambdaC",0.16462054570370055
"DSMeson",0.1337678846944913
"DSMesonBar",0.1662088345093554
"DZeroBar",0.22729209077560994
"XiCBar",0.5674329671491036
"DSMesonBar",2.472630747770483
"DZero",1.1597775326321493
"BCMeson",1.794640105967756
"LambdaC",0.18826552542734476
"LambdaCBar",0.018463932202494072
"BCMeson",0.007218428796776993
"DZero",0.4807914699343795
"DSMesonBar",0.15962018973664388
"LambdaCBar",0.3562884937788521
"XiC",0.7631518194737312
"XiCBar",0.49409445940882474
"LambdaC",0.2006575422386594
"DSMesonBar",0.48938439809568585
"BCMesonBar",1.23420357622225
"DZero",0.0754798259457421
"BCMeson",0.06307082889397168
"BCMeson",1.0782042050968488
"BCMesonBar",0.15007896207126892
"DZeroBar",0.2313647615570203
"BCMesonBar",0.33093254640685976
"XiC",0.06762555110075603
"BCMeson",0.045938386156622074
"LambdaC",0.33901398363781954
"LambdaCBar",0.2322080636417074
"BCMeson",0.13785420782814656
"XiC",0.2852241231862415
"DZero",0.32006882028781214
"BCMeson",1.6579796396814455
"DSMeson",0.6454078732216674
"XiC",0.06358713520580736
"XiC",0.10599400294306638
"BCMeson",0.11981793146620681
"DSMesonBar",0.1601055631651393
"DZeroBar",0.5913334477523567
"BCMesonBar",0.03674168172964239
"DZeroBar",1.5669330848742486
"LambdaC",0.5327723142373116
"DZero",0.1877799126645751
"BCMeson",2.1882819814501304
"XiCBar",1.2254170920333556
"XiCBar",0.2312257408399496
"DZero",0.15134529409151598
"BCMesonBar",0.2908413116098964
"DZero",0.023147492396707034
"BCMeson",0.1531103164191767
"BCMeson",0.3303901448419139
"XiC",0.012579510856736675
"DSMeson",1.069096647762181
"DSMeson",0.026563087273807108
"DZeroBar",0.19096369307808922
"XiCBar",0.18739772992979895
"DZero",0.05704036642121903
"XiCBar",0.9597539291641874
"DSMeson",1.2167976538323382
"DSMeson",0.653630131170792
"DZero",0.02587505201747173
"DSMeson",0.25180972110078303
"LambdaC",0.0034315872197061997
"LambdaC",0.03491365087056976
"LambdaC",0.053004038864272365
"XiC",0.8075958415896803
"XiCBar",0.30110856640593125
"DZeroBar",0.0978947053617255
"LambdaC",0.03835262358823441
"DSMesonBar",0.8391601657909113
"LambdaC",0.1986343811678469
"LambdaCBar",0.16842436888083098
"DZeroBar",1.644449650169411
"DZero",0.6263691838462795
"DSMeson",0.3250712113767754
"BCMeson",0.1253931394232148
"DSMeson",0.24448657139310867
"XiC",0.21839258658649394
"BCMesonBar",0.18633354571001523
"BCMesonBar",0.5694512811866106
"LambdaCBar",0.15133672648208488
"DZero",0.20253864133996216
"DZeroBar",0.2740467364955449
"LambdaC",0.053601893303303096
"BCMeson",0.2984898064839509
"DZeroBar",0.08227058098660402
"DZeroBar",0.03430960175308
"LambdaCBar",0.025061294791300644
"BCMesonBar",0.005093693641722582
"LambdaCBar",0.08216246440408391
"DZero",0.9277200963141631
"BCMesonBar",0.3666581929573779
"DZero",0.16961855247115357
"LambdaC",0.03587891300207343
"DSMesonBar",0.5910957113379233
"XiCBar",0.09283103261945087
"BCMesonBar",0.4441786078910129
"LambdaCBar",0.1441487231995747
"LambdaC",0.0353284823079129
"DSMesonBar",0.09919871182700692
"XiC",0.4019440917362749
"DSMeson",0.11825104153265371
"LambdaCBar",0.17136439033849626
"XiCBar",0.3810471317979714
"LambdaCBar",0.04030563149869471
"LambdaC",0.18159258472594733
"DZero",0.10418903505993847
"LambdaC",0.036786933378710036
"LambdaC",0.09439801119564521
"LambdaCBar",0.016894911368831214
"DSMesonBar",0.03449638207856841
"DSMesonBar",0.22320015808673807
"XiC",0.6947627056088521
"LambdaC",0.09527535843847734
"DSMesonBar",0.0119732398498304
"DZero",0.5780669128254547
"XiCBar",0.23786022796440837
"BCMeson",0.37932632908344993
"XiC",0.37537392944821607
"DZero",0.6739368764119616
"DSMesonBar",0.12384032728055436
"LambdaC",0.04054084452852087
"BCMesonBar",0.6369211722201134
"DSMeson",0.9262459885011348
"BCMeson",0.24953391291662316
"XiC",0.8920153423245057
"BCMesonBar",0.13067519047681048
"DSMeson",0.29895976273173985
"BCMeson",1.1958496274334527
"DZero",0.4494633635277436
"BCMesonBar",0.13412217042542315
"DZeroBar",0.36768896031439696
"DSMeson",0.9215195836544653
"BCMesonBar",0.3966241229363756
"LambdaC",0.38761319081120105
"BCMeson",0.05698777444006103
"DZero",0.4655566036108716
"LambdaC",0.12361580036429304
"XiCBar",0.05599777368066065
"DZero",0.042893812464124936
"LambdaC",0.335323870902812
"DSMesonBar",0.19869512260629046
"LambdaCBar",0.3992067023712656
"DSMesonBar",0.35013624697452456
"DSMesonBar",0.8694562120687689
"LambdaC",0.06502016435902591
"DSMeson",0.19481795956088183
"LambdaC",0.26625199249318804
"XiC",0.3489749515574405
"LambdaCBar",0.6097911534834415
"DZeroBar",0.08680323959302824
"DZeroBar",0.6343691872017524
"DSMesonBar",0.01486579954115978
"DSMeson",0.5226562389926452
"XiC",0.647030601316299
"XiC",0.5102681636052018
"XiCBar",0.10458765750548608
"DSMesonBar",0.860367073666661
"XiC",0.49781477372810884
"DSMeson",0.15757391609354268
"XiC",0.007737659172687841
"XiCBar",0.10154906859659069
"DZero",0.016297356191778467
"DSMeson",0.25877844587937293
"DZero",0.10795194216494132
"DZero",0.7424639434402671
"LambdaCBar",0.30611600064004674
"XiC",0.48953826286945973
"LambdaC",0.44900781602369355
"DZeroBar",0.11369138794554562
"LambdaCBar",0.18751000892599748
"DZero",0.032179534125412114
"BCMesonBar",0.8010464090341581
"XiC",0.1411893449106655
"DZeroBar",1.1747106472122162
"BCMesonBar",0.02873782519297084
"XiCBar",0.059522575006116865
"LambdaC",0.15759020778752483
"DSMeson",0.16318286682942204
"XiC",0.33177573830546475
"XiCBar",0.7640453883115916
"XiC",0.8317999550756243
"BCMesonBar",0.46277881880219973
"DZeroBar",0.9283594052405078
"BCMesonBar",0.5318197934187481
"BCMesonBar",0.5413655640657011
"DZero",0.10039224152099532
"DSMesonBar",0.20135678295714582
"DSMesonBar",0.5178940392074357
"LambdaC",0.10962288025117904
"DSMeson",0.09214666316670878
"BCMesonBar",0.1940790590564986
"DSMeson",1.2214216952889214
"DSMesonBar",1.190979448348543
"XiC",0.011906278929238467
"DSMeson",0.436022042813795
"XiC",0.17538606363147705
"BCMesonBar",0.1973576218053611
"XiC",0.1039664123457141
"XiCBar",0.18092253643998382
"XiC",0.15631520875731408
"DSMesonBar",0.05477522903533786
"DZeroBar",1.0877527203722501
"DSMeson",0.5999870692875806
"BCMeson",0.29845559092398427
"XiC",0.5611659620560203
"XiC",0.04730831458916235
"DZero",0.48704981344539894
"DSMesonBar",0.16821293446056615
"LambdaC",0.27298689933287495
"DSMesonBar",0.15202606128554572
"LambdaC",0.08558801391798987
"DSMesonBar",0.02682900496412994
"XiCBar",0.001471369172862787
"DSMeson",2.081289984416562
"XiCBar",0.15746001520359174
"DSMesonBar",0.07132463552305965
"XiCBar",0.46841209259198086
"DZeroBar",0.13014961199318123
"DZeroBar",0.499960914893537
"XiCBar",2.0156295237898303
"DSMesonBar",0.48935867894631163
"DSMesonBar",0.022303558175521855
"BCMeson",0.022805170458887202
"DSMesonBar",0.20335260460708837
"XiC",0.19408215537246362
"DZero",0.41254476451934224
"LambdaCBar",0.03915382159773378
"XiCBar",0.15335221201327387
"DSMeson",0.18521805405498573
"LambdaC",0.13828596567417892
"BCMeson",0.10494402724816913
"XiC",1.648342054985965
"LambdaCBar",0.2616047358889963
"LambdaCBar",0.7104662559577244
"DSMesonBar",0.07077053571328659
"XiCBar",0.5519843370039752
"XiCBar",0.24451571960684967
"BCMesonBar",0.5500415490575502
"BCMeson",0.34533024625651065
"DZeroBar",0.0309030943845186
"BCMeson",0.2096094426482782
"BCMesonBar",0.06787843625637821
"DZeroBar",0.0006551178341687239
"DSMeson",0.849663830888303
"DZeroBar",0.17632616718800684
"DZeroBar",0.0340443538380643
"BCMesonBar",0.49457059444260765
"DSMeson",0.9949106248653418
"DSMesonBar",0.13825823187478173
"DZero",0.11226166940743597
"BCMeson",0.2568367325296957
"DSMeson",0.5075679382959225
"DZeroBar",0.9715571222834821
"LambdaCBar",0.045943996055138624
"LambdaC",0.37340565700021355
"DZero",0.03857378378340277
"BCMeson",2.125901368161454
"BCMesonBar",0.08457853612803677
"BCMesonBar",0.09908480950170623
"LambdaCBar",0.3707757009835206
"BCMesonBar",0.4813338384879556
"LambdaC",0.12607655606741694
"XiC",0.20044251716834507
"DZero",0.04338818697736751
"LambdaC",0.27558977023824216
"DZeroBar",0.4756565275334505
"DSMesonBar",0.8545347161181506
"LambdaC",0.01341391108752586
"DSMeson",0.006626495999478855
"DSMeson",0.008864528955077059
"DSMesonBar",0.7588559566978779
"BCMesonBar",0.09185348926587408
"DSMesonBar",1.865598539389084
"LambdaCBar",0.5558819409565471
"LambdaCBar",0.2219141451140022
"XiC",0.8698901745351558
"LambdaC",0.1538740008902009
"XiCBar",0.8816080208870439
"XiCBar",1.413011438943479
"DSMesonBar",1.0567632166847742
"LambdaCBar",0.5325483927180644
"DSMesonBar",0.5393844154635781
"XiCBar",0.5211013764931395
"XiC",1.094522464423043
"BCMeson",0.35658286321207455
"DSMesonBar",0.1437205704843892
"DSMeson",0.4089297085169304
"DZeroBar",0.20855577918753831
"LambdaCBar",0.31351422154995473
"BCMesonBar",0.11086377067500659
"XiCBar",0.14683838164041813
"LambdaC",0.16403692245654355
"BCMesonBar",0.04932446465293482
"BCMeson",0.002010619844933786
"DZero",0.0769202781479937
"BCMeson",0.056188099806379725
"LambdaCBar",0.05161237982610931
"XiCBar",0.2956831347440238
"DSMeson",1.567380788633776
"XiC",0.4095188568872843
"BCMeson",0.07686011017804398
"XiCBar",0.7070597557970543
"DZeroBar",0.17721686964814362
"XiC",0.13824332916386237
"DSMeson",0.5578941602345802
"XiC",0.045865030156588805
"DSMesonBar",0.746521998862588
"BCMesonBar",0.7263826610923533
"BCMesonBar",1.5227998799912346
"XiC",0.2616212095512952
"XiCBar",0.04066260876851364
"DZeroBar",0.005307280405298107
"XiC",0.12332598115776543
"LambdaC",0.02691242331105183
"XiC",1.0971649971871047
"BCMesonBar",0.22546349072742858
"LambdaCBar",0.06106568407870238
"BCMesonBar",0.24809188340469293
"LambdaC",0.026221344802691185
"XiCBar",0.7903894690227826
"DZeroBar",0.012231972128495718
"XiCBar",0.002697204357718413
"BCMesonBar",0.03808418967361095
"DSMesonBar",0.2154803870175794
"XiCBar",1.0872857316668292
"LambdaC",0.12977518515693584
"DZeroBar",0.36645289515192037
"XiC",0.44916207440203265
"LambdaCBar",0.00322076308358955
"BCMeson",0.12618602198373655
"DSMesonBar",0.4097796775771338
"LambdaC",0.32469241564194584
"XiCBar",0.8928484402216682
"DZeroBar",0.6281112348016924
"XiC",0.4768734861898149
"DSMeson",0.25795006380604063
"BCMeson",0.2109702800236635
"DSMesonBar",0.184621383585742
"LambdaCBar",0.05238333409995806
"DSMesonBar",0.20779424352523942
"XiC",0.8227852828341022
"DZeroBar",0.15146184103009158
"DZero",0.1847704277169823
"BCMesonBar",0.5932194883305006
"XiCBar",0.42853859770158353
"XiCBar",0.0053831351909317295
"DSMesonBar",0.13300427139474486
"XiCBar",0.4680652875386805
"DZeroBar",0.10244340527685326
"DSMeson",0.2346369278091824
"BCMesonBar",0.9243106855194803
"BCMeson",0.07372529855891838
"DSMeson",0.10967517609101947
"DSMesonBar",0.37031087596853834
"BCMesonBar",0.30017888592826186
"DSMeson",0.6482499138546532
"LambdaC",0.10815905834268186
"DSMesonBar",0.7368280766138596
"XiC",0.12255910555096437
"BCMeson",0.192803705519826
"XiC",0.5731923137143382
"LambdaCBar",0.051503035768485375
"XiC",0.8359552123796127
"DZeroBar",0.06452593145919534
"XiC",0.16853785470031424
"DZeroBar",0.5967782317122362
"XiCBar",0.16878593064972572
"BCMesonBar",0.14694237366439927
"DZeroBar",0.5656066956437125
"DZero",0.07371846084948233
"LambdaCBar",0.010541445844149441
"DSMeson",0.6326111933496824
"LambdaCBar",0.03813821719112352
"BCMesonBar",0.43566194007535025
"XiCBar",0.6971029501874187
"XiCBar",0.3359626510510778
"DZeroBar",0.4358803830355994
"DSMeson",0.002659547258902362
"DZero",0.31432070438067505
"BCMeson",1.9344547584576703
"DZeroBar",0.656564150127743
"BCMeson",0.08773137398714526
"DSMeson",0.11852524137379408
"LambdaCBar",0.21211630991507036
"DZeroBar",0.1712501476319994
"XiC",0.2624493850709855
"LambdaC",0.4835681976823278
"DZero",0.737128286457836
"LambdaCBar",0.0628414972747706
"LambdaCBar",0.009899204020322417
"XiCBar",0.14226803563249302
"XiC",0.3449148344415873
"DZero",0.15101289057101192
"XiC",0.6954668229319447
"XiCBar",0.05544751650030167
"DSMeson",0.16967132304237434
"DZeroBar",0.34510863850024526
"DZeroBar",0.21010468798947812
"DZeroBar",0.8319391183707836
"DSMesonBar",0.4589864417355696
"XiCBar",1.4644259136064603
"DZeroBar",1.0784760825934006
"DSMeson",0.6835562244156247
"DZeroBar",0.2695569558799959
"XiCBar",0.04198817610197998
"LambdaC",0.4026145848454541
"BCMesonBar",0.043693732675184394
"DZeroBar",0.010517561156759357
"DSMeson",0.09680821667469702
"DZeroBar",0.05539500440049234
"LambdaCBar",0.4270030271785176
"LambdaCBar",0.06976643326647508
"XiC",0.6482873310168803
"BCMesonBar",0.6110205741438921
"DSMeson",0.10683318349962913
"XiCBar",0.019420891185507393
"BCMesonBar",0.1357245614071233
"BCMeson",0.449408434536075
"DSMeson",0.13318187403235196
"LambdaCBar",0.7687675660862521
"XiCBar",1.2690129992925339
"DZero",1.0383992074116069
"XiCBar",0.08844231228813165
"DSMeson",0.4758198656981311
"BCMesonBar",0.2047515661488418
"XiCBar",0.3902222042753286
"DZero",0.883815770229387
"LambdaC",0.08407264423209482
"BCMeson",0.9424330204626004
"DSMesonBar",0.6693821139542961
"DSMesonBar",0.8076749483412701
"BCMeson",0.709832596631072
"BCMeson",2.0559322019129107
"DZero",0.3604204271925502
"LambdaC",0.21237061664790607
"XiCBar",0.46183414933740646
"DSMeson",0.23620646009731816
"DZero",0.010146169409013943
"LambdaCBar",0.16429633509843514
"LambdaC",0.007579662005561894
"XiCBar",0.04337264052291561
"DZeroBar",0.028241593125856845
"DSMeson",0.4376346960104344
"DSMesonBar",0.051502011654972965
"BCMesonBar",0.13007716738549346
"LambdaCBar",0.06775798599950561
"DZeroBar",0.2244833821638289
"LambdaCBar",0.20085105068115328
"DSMesonBar",0.2875931474251821
"DZeroBar",0.6638187377402113
"DSMeson",0.22679541815357812
"XiC",0.0730911911727668
"BCMesonBar",0.4642235879223431
"BCMesonBar",0.02540007777560469
"XiCBar",0.19952824075911504
"DSMeson",0.02876668344075851
"XiC",0.42308343085177985
"XiCBar",0.0987118931038813
"DZeroBar",0.2773973124294556
"LambdaC",0.708315607603853
"BCMesonBar",0.5924922580862806
"XiCBar",0.019882041474455072
"LambdaCBar",0.023460987195983385
"DZero",0.8335216464172427
"LambdaCBar",0.4140876845194173
"BCMeson",0.9868965574418599
"BCMesonBar",0.10652140764519037
"BCMeson",0.19220909558434696
"BCMesonBar",0.34045215381331834
"XiC",1.5141020975423123
"LambdaC",0.09858044175231555
"LambdaC",0.09235205070741977
"DZero",0.2542101882974952
"DZero",0.42777372338973024
"DSMeson",0.44213507476854874
"LambdaC",0.009668150295103978
"BCMeson",0.32079356871564574
"DSMeson",0.7582240736298239
"DZeroBar",0.14912048766211305
"DZero",0.3652676082556423
"LambdaC",0.8893861503646022
"DZeroBar",0.2973798322853382
"LambdaC",0.10161424161166105
"LambdaCBar",0.08868553255125432
"DSMeson",0.645020849304485
"XiCBar",0.35692825653586546
"DSMeson",0.06430979288169303
"XiCBar",0.21009988183649134
"LambdaC",0.0036703507856298764
"DSMesonBar",0.07769921805534087
"LambdaCBar",0.4687019987454706
"DZeroBar",0.7528142729624216
"DSMeson",0.5269915382141449
"DZero",0.25972738569281156
"BCMesonBar",0.5995941870535613
"DZeroBar",0.12078570250983847
"DZeroBar",0.5079183682021801
"LambdaCBar",0.2020836629476274
"LambdaCBar",0.0809976089537248
"BCMeson",0.3260316126010933
"BCMeson",0.06457389106909457
"XiC",0.9212040277083919
"DSMeson",1.1507967739129374
"LambdaC",0.21942607940932146
"BCMeson",0.6091400322720698
"LambdaC",0.20165503020328768
"XiCBar",0.01179858915842028
"LambdaCBar",0.08357148217052489
"XiC",0.1379476925635306
"DSMesonBar",0.6542341669071197
"BCMesonBar",0.8553511205632897
"LambdaC",0.000373754657735124
"DZeroBar",0.10001052032203643
"DZero",0.2894463794304935
"BCMesonBar",0.12448252320971266
"LambdaC",0.22948925256116504
"LambdaC",0.004571879682600917
"XiCBar",0.07977900862726896
"DSMeson",0.037670425791555155
"BCMeson",1.0258443382588573
"LambdaC",0.033870526688636785
"DZeroBar",0.17376490977201073
"DZero",0.7812505504718557
"LambdaCBar",0.05710244436141716
"DZero",0.4041995678809943
"DZeroBar",0.6457094274051058
"DZeroBar",0.6394611396346104
"LambdaC",0.4407831990299454
"DSMesonBar",0.026355091460242272
"BCMesonBar",0.12809115049028838
"DSMesonBar",0.16396886310792014
"DSMesonBar",0.784209968804754
"LambdaCBar",0.20803417456928736
"XiCBar",0.6155527327510808
"DZero",0.33042530654203367
"DZeroBar",0.6655251180902754
"XiCBar",0.023328483229315706
"DZeroBar",0.2202740896786926
"DZeroBar",0.1320425295268797
"DSMeson",0.937937954872032
"DZero",0.19334638584181604
"XiCBar",0.017613264489044492
"BCMeson",0.7580178863651803
"BCMeson",0.22246199004786335
"LambdaCBar",0.13071979812571802
"BCMesonBar",0.6750190949796852
"BCMeson",0.9416302641356634
"LambdaCBar",0.13929324825286754
"BCMeson",0.28799601523379187
"LambdaCBar",0.04265687989227158
"DZeroBar",0.17134207178286312
"XiCBar",1.7572634848056166
"DZero",0.18458707594505905
"LambdaC",0.36990483556043635
"LambdaCBar",0.04010296307605574
"LambdaCBar",0.01021434786018792
"XiC",0.6531501494583624
"LambdaC",0.1435397318309271
"DZeroBar",0.006106479879244198
"DSMeson",0.03376682771234315
"BCMesonBar",0.01630712034366626
"DZero",0.39254632764086506
"BCMeson",0.03309393504074786
"XiC",0.06047135637507808
"DZeroBar",0.07735918738272199
"DSMeson",0.535045732989236
"LambdaC",0.07865200718381868
"DSMesonBar",0.6506169009065897
"XiCBar",0.15792375530190905
"LambdaCBar",0.31241507013116243
"LambdaCBar",0.01569756809881571
"DZero",0.3328518625478927
"DZero",0.24169743281687514
"DSMeson",0.1080997954175121
"LambdaCBar",0.24225222278674183
"LambdaCBar",0.21559063312676094
"BCMesonBar",0.4272084110305151
"XiCBar",0.002945941549414263
"DSMesonBar",0.33663769764035034
"BCMeson",0.4240265991142956
"DSMesonBar",0.6196870251467783
"LambdaC",0.21057181678702422
"BCMesonBar",0.10608148687034341
"DSMeson",1.5489293105592492
"BCMesonBar",0.018838268302577125
"XiC",0.2661721076205822
"XiCBar",0.3731496466454829
"LambdaC",0.07282271504909238
"LambdaC",0.22772308072324723
"XiCBar",0.1458552702617382
"LambdaC",0.07488130743488232
"BCMesonBar",1.4020659203217323
"DZeroBar",0.3763570023682993
"DZero",0.48943687318965856
"DSMesonBar",0.8614568383184525
"DZeroBar",0.16458486594499896
"LambdaCBar",0.08909292142704875
"LambdaC",0.022010839089254594
"BCMesonBar",0.2861313979061995
"DSMeson",0.018748610900837497
"BCMeson",0.21875939612541642
"BCMeson",0.6776896664251825
"LambdaCBar",0.0062770967352898666
"DSMesonBar",0.3641696898338439
"LambdaCBar",0.5718999173525942
"BCMesonBar",0.21782232986141054
"BCMesonBar",0.07776060340841218
"BCMeson",0.15423800991370618
"BCMesonBar",1.3238602574838905
"DZeroBar",1.1770202480537866
"BCMeson",1.1675883395491906
"LambdaCBar",0.23608772827147498
"LambdaCBar",0.10142054636364324
"XiC",0.1698320529851144
"DSMesonBar",0.028932872843365445
"LambdaCBar",0.3892218857652268
"DSMeson",0.40687660317343644
"XiC",0.43549819516959326
"XiCBar",0.41319697756563517
"XiC",0.11301092218312148
"LambdaCBar",0.16001923488498582
"DZero",0.3286824152578554
"DZeroBar",0.2469053605915281
"LambdaCBar",0.09455665649438798
"XiC",0.5216485022012246
"DZeroBar",0.16921709640795712
"BCMesonBar",0.17545679259536212
"BCMesonBar",0.8152212326783261
"XiCBar",0.013540958410912475
"BCMesonBar",0.07467536192190513
"DSMeson",0.5615640555085466
"XiC",0.18521271044915782
"DSMeson",1.1876929159938794
"DZeroBar",0.9741845686075256
"LambdaCBar",0.3348219825968633
"XiC",0.5833635496073744
"DZero",0.03106759679001541
"DZero",0.14381206889120612
"DSMeson",1.0835791863929984
"DSMeson",0.06933805028145823
"DZero",0.702042967033848
"BCMesonBar",2.2556527803865616
"BCMesonBar",0.12495072381972155
"LambdaC",0.03989625587818382
"LambdaCBar",0.21003969530768815
"LambdaCBar",0.24810788205229994
"DZeroBar",1.0832584995856165
"DSMesonBar",0.0014834734481550646
"DZero",0.09616365736798989
"DZeroBar",0.4887773134147862
"LambdaCBar",0.10173843886653988
"DZero",0.2993659042150175
"BCMesonBar",0.9109747756113402
"BCMesonBar",1.1492039497751314
"DZero",0.7612342928069564
"DSMeson",0.05860997831746133
"DZeroBar",0.026890337924115097
"DSMeson",0.3684473389117374
"DSMeson",0.4732998074017847
"DZeroBar",0.13924251634772475
"DSMeson",0.48373076438414003
"BCMeson",0.2235062606171283
"LambdaCBar",0.06259374963665724
"DZeroBar",0.04367458894501551
"BCMesonBar",0.005131375919392812
"DSMeson",0.8348837920429888
"XiCBar",0.22442839615878155
"LambdaC",0.2703341942380422
"DZero",1.4856262919651437
"DZeroBar",0.9383807565890894
"BCMesonBar",0.981819115670107
"BCMesonBar",0.007243150642402026
"BCMesonBar",1.1984526048297979
"BCMeson",0.7587736124945567
"XiC",1.4030107582643006
"XiCBar",0.35425208864608293
"LambdaCBar",0.03245992018934174
"XiC",0.5561317045309669
"LambdaCBar",0.6745599265333672
"XiCBar",0.3385385775447782
"XiCBar",0.36858081174491053
"DZero",0.06020153679991649
"XiCBar",0.32162738464108587
"LambdaC",0.0002627418197818371
"DSMeson",0.6611060415115805
"XiCBar",0.3810441288063378
"BCMeson",0.14583587884092988
"BCMeson",0.1531671928895728
"XiC",0.7815743229195218
"LambdaCBar",0.09470131524101671
"DZeroBar",0.20954019343106944
"BCMesonBar",0.20454314360918638
"LambdaCBar",0.13948646993114758
"DSMeson",0.992104643641609
"BCMesonBar",0.18784418988719997
"BCMeson",0.6377480215189948
"DZero",0.24557101268356848
"DSMeson",0.03957995011633711
"XiC",0.43667019955330055
"LambdaC",0.004045908603236867
"DZeroBar",0.03602177768560451
"BCMeson",0.3612437676567266
"XiC",0.056581264340395954
"XiC",0.7105564942707274
"DSMeson",0.10968373715917537
"LambdaCBar",0.18831408256259008
"LambdaC",0.09472784502978586
"DSMeson",1.1695899498137534
"BCMesonBar",0.4982065661467404
"DZeroBar",1.2906315916189013
"DZero",0.20382804644825092
"BCMeson",0.08634923408176066
"BCMesonBar",0.8220450672871673
"DSMesonBar",0.12993276129378264
"BCMeson",0.293817384190113
"LambdaCBar",0.07878055137171693
"LambdaC",0.10837299632152653
"LambdaCBar",0.7168414533960307
"DSMesonBar",0.007824540883734856
"XiCBar",0.6056909698064037
"DSMeson",0.7896106539544216
"LambdaCBar",0.21357379947629884
"XiCBar",0.9693310875663094
"XiCBar",0.2081013042422553
"DSMesonBar",0.4029719421981519
"DSMeson",0.06261023044212087
"DZero",1.3137345169102643
"DZero",0.08369752849267996
"LambdaCBar",0.1132607846323323
"BCMeson",0.08561373381116744
"LambdaC",0.05196684206959476
"DSMesonBar",0.12405978851170017
"LambdaCBar",0.01584253259987761
"XiC",0.23822825406183024
"BCMeson",1.8183122455462033
"DZeroBar",0.2014631878673626
"DSMeson",0.15450345109722655
"DZeroBar",0.39496801938059795
"LambdaC",0.22591443009182172
"BCMesonBar",0.07250551297197715
"BCMesonBar",0.3511064078563201
"XiCBar",0.008148934469113588
"DZero",0.2711999217814754
"DSMeson",0.3152703864653547
"DSMesonBar",0.7877229074285177
"DZeroBar",0.28870849004685706
"XiCBar",0.005617490122857436
"DZero",1.8810275127528697
"BCMesonBar",0.8152001072510312
"BCMeson",1.1135358664852661
"DSMesonBar",0.05960174023477351
"DSMesonBar",0.13803817661104548
"XiC",0.30684258633411904
"BCMesonBar",0.018207484208705275
"DZeroBar",0.24070427359882296
"LambdaCBar",0.22108778891985856
"LambdaC",0.08066524497347652
"XiCBar",1.4939199805587067
"LambdaCBar",0.23895838846423811
"LambdaCBar",0.0743107505754803
"BCMeson",0.2612457483915416
"BCMeson",0.450485386084512
"XiCBar",0.4274752939924739
"BCMesonBar",0.5649840818554145
"DZero",0.15423144615168446
"DSMeson",0.3319414603674461
"BCMesonBar",0.917476100048777
"DSMesonBar",0.10041327507866145
"DZero",0.040146058731076635
"DZero",0.13963806033883108
"XiCBar",0.10503286762617116
"DSMeson",0.12890149422869576
"XiCBar",0.18932405435766603
"XiC",0.09240600090256618
"BCMesonBar",0.06172463668546354
"BCMesonBar",0.9153104785374024
"DZeroBar",0.06324489769117111
"LambdaCBar",0.023151430443325238
"DSMeson",0.02498221191065286
"XiC",0.5006537817742996
"DZeroBar",0.2426375217491346
"DZero",0.4934663631451664
"DSMesonBar",0.15374227232411733
"XiCBar",0.1738675012661704
"BCMesonBar",0.501572145671481
"BCMeson",0.2606315410284865
"XiC",1.1350182734863448
"DSMesonBar",0.3136267954391405
"XiCBar",0.073946547417322
"BCMeson",0.3893180268105761
"DSMesonBar",0.06839038254624744
"XiCBar",0.016854586346364216
"DSMesonBar",0.7977678738851854
"LambdaC",0.03762936013434689
"DSMesonBar",0.47741036165415235
"DSMeson",1.05293344081293
"XiCBar",0.6956478551747942
"DSMesonBar",1.640206493517308
"XiC",0.5243396536008301
"XiC",0.2510430239826021
"BCMesonBar",0.07192888476031976
"BCMeson",0.11784131974241725
"DSMeson",0.01333678370871748
"LambdaC",0.1692665683364168
"DSMesonBar",1.0104513996923745
"BCMesonBar",0.47932354612668193
"DZeroBar",0.14216129487780035
"DZeroBar",1.0877305307612508
"LambdaCBar",0.24585266176057288
"XiC",0.31979882036812357
"BCMesonBar",0.42831630119230574
"DZero",0.4876268200571301
"XiC",1.546745795998181
"XiCBar",0.09261138958261465
"XiCBar",0.7614951879775762
"LambdaC",0.2890697380116606
"DZero",0.17000629264190542
"DSMeson",0.2664939232519914
"LambdaC",0.4149897319765389
"BCMesonBar",0.35563654315989257
"DSMesonBar",0.1301422594096905
"DSMeson",0.6234218047239951
"DZeroBar",0.07535270728544477
"DZeroBar",0.02704480325365044
"BCMeson",0.15490758880217406
"DSMesonBar",0.2566479340269614
"XiC",0.07568147526993042
"BCMeson",0.5715534469569477
"LambdaCBar",0.16246330786185112
"XiC",1.098830546310918
"DSMesonBar",0.1561301032950104
"DZero",0.02529711860979932
"LambdaCBar",0.350076228582325
"LambdaC",0.008764939307817165
"XiC",0.338102408685067
"LambdaCBar",0.49911503516077027
"LambdaC",0.00701102743520607
"LambdaCBar",0.02622571295642744
"DSMeson",0.46673532958773856
"BCMeson",1.8709449860045773
"LambdaC",0.14996363050413553
"LambdaCBar",0.19639716574658225
"BCMesonBar",2.0747193859944515
"XiCBar",0.035819728056057765
"LambdaCBar",0.18286133759008688
"DZero",0.11792889492289534
"DZero",0.13225597348958554
"BCMesonBar",0.05198026125792656
"DZeroBar",0.07561980948324064
"LambdaC",0.0531979295004703
"DSMesonBar",1.00752890333063
"BCMesonBar",1.4624881438337425
"DZero",0.03700672754958054
"BCMeson",0.5079401879417295
"LambdaCBar",0.0009605447150185244
"DSMesonBar",0.044284047226057666
"DSMeson",0.03668765563575602
"DSMesonBar",0.4838534215489688
"DSMeson",1.0729139491263588
"BCMesonBar",0.01302826806540889
"BCMeson",0.7019738791909504
"LambdaC",0.0249064970492915
"BCMesonBar",0.7667143404040677
"DZeroBar",0.9786203058452154
"XiC",0.04001664794882584
"BCMesonBar",0.9173131531964098
"DZeroBar",0.6333049552968055
"DZeroBar",0.5085508551017802
"DZero",0.004751478560946767
"LambdaCBar",0.032842270777754326
"XiC",0.5208650438294636
"DSMesonBar",0.06496444742444323
"DSMeson",0.3940748596243706
"DZero",0.34705532806165446
"DSMesonBar",0.3452196344534822
"DSMeson",0.3735298234489988
"DZeroBar",0.6092328567391601
"BCMeson",0.44084724290084276
"XiCBar",0.33523949918906903
"LambdaC",0.40389588640216534
"DSMeson",0.19323618635632778
"DZero",0.20863921832504587
"DZero",0.6702025512721179
"LambdaCBar",0.0006113691768653631
"DZero",0.28710867586193684
"DZero",0.23502324629782384
"BCMesonBar",0.02935325843273964
"DZero",0.16185015773640324
"DZero",0.28921114325853065
"LambdaCBar",0.28442440048159123
"DSMesonBar",0.568066347717084
"DSMeson",1.3787354366356221
"DZeroBar",0.02625479662439561
"LambdaC",0.14773613486279097
"DSMesonBar",0.5151348081237459
"DSMeson",1.1373786334263318
"XiCBar",0.3661939356744714
"DZero",1.1530746811834367
"DZero",0.6983436524081166
"LambdaC",0.4871081134561157
"BCMesonBar",0.0010910568806488745
"LambdaCBar",0.10099631796547535
"XiCBar",0.018476833126636484
"DZeroBar",0.8825153997491423
"LambdaCBar",0.020213684250135276
"DSMesonBar",0.08936428566867555
"DZero",0.1207941716882123
"BCMesonBar",0.7432594483319743
"DZero",0.27215612080692053
"DSMesonBar",0.36274151430577845
"BCMesonBar",0.16940241257066785
"DZero",0.028267315476642307
"LambdaCBar",0.039139731163829905
"DSMesonBar",0.5889288223440948
"LambdaC",1.6150337539064168
"XiCBar",0.31073847340282856
"LambdaC",0.0895075692258085
"XiCBar",1.1242729592402108
"XiCBar",1.1191040662391913
"DZero",0.7421891205195612
"DZeroBar",0.30855757858762256
"XiC",1.0175611628341468
"DZeroBar",1.6418625937457658
"BCMeson",0.043808159852904906
"XiCBar",0.012162381567314846
"DZeroBar",0.3454240588992195
"DSMesonBar",0.0979535280421041
"DSMeson",0.08387500404442505
"XiCBar",0.09339110232811701
"DZero",0.021394492315421756
"BCMeson",0.36817544518353224
"DSMeson",0.3551556402268262
"LambdaC",0.014724794616813218
"XiCBar",0.7221070640019974
"XiCBar",0.34605923481613393
"DSMesonBar",1.0466493745013523
"LambdaC",0.22772069050901766
"DSMeson",0.491745539599745
"BCMeson",0.5788808051818187
"BCMeson",0.35380358152898683
"LambdaCBar",0.40277229782954893
"BCMeson",0.5768343772372713
"XiCBar",0.23607651954064557
"XiCBar",0.07518869391091187
"DZero",0.6415177830371234
"LambdaC",0.03857937083209657
"DZero",0.832547571083456
"DZero",0.30159800548951365
"BCMesonBar",0.21333128862843848
"DZero",1.7320525371389555
"DSMesonBar",0.16868382022581208
"DZeroBar",0.081098735283923
"DSMesonBar",0.16835383847244131
"DSMesonBar",0.12496285972137815
"XiCBar",0.09762877635619564
"DSMesonBar",0.4695414976874094
"XiC",0.9803476405279392
"BCMesonBar",0.2409905220900337
"DSMesonBar",1.0501148197466599
"BCMeson",0.03509387157324828
"DZero",0.1218869298554612
"DZero",0.7605531732788994
"DSMesonBar",1.0151321488450344
"XiCBar",1.3815541464883558
"LambdaC",0.005753818638076362
"BCMeson",0.3753222957853191
"LambdaC",0.3255533341382464
"BCMeson",0.6971174120274579
"BCMesonBar",0.36487630600606547
"BCMesonBar",0.20394599236145425
"BCMeson",0.031005343994176007
"BCMeson",0.14609773839864923
"BCMesonBar",1.0530617149833277
"DZero",0.6723501587130247
"XiCBar",2.0463876237269507
"BCMeson",0.22335575197774024
"DZeroBar",0.27587845212544004
"BCMeson",0.34313323335808704
"BCMesonBar",0.13735483743521038
"DZero",0.40266958880360243
"XiC",0.49014097699021614
"DSMesonBar",0.024054063591277045
"XiC",1.7142508477118714
"BCMesonBar",0.05756472975351478
"XiC",0.7985701736281312
"DZeroBar",0.38117137666343004
"DSMesonBar",0.2704359807122599
"BCMesonBar",0.011926085355734637
"DZeroBar",0.584355260253061
"DZero",0.4742117557332304
"BCMesonBar",0.12509196421888621
"XiC",0.4575204248222029
"BCMesonBar",0.8709515944119076
"DSMesonBar",0.6812937432993998
"LambdaCBar",0.041423151900598365
"BCMesonBar",0.6185424666637797
"XiC",1.7725274419410475
"DSMesonBar",0.35508832861952255
"LambdaCBar",0.0793108643717646
"LambdaCBar",0.14567167880433216
"LambdaCBar",0.20535201044374515
"XiC",0.2797214422534054
"XiC",0.2554797975490576
"DSMesonBar",0.13896262495425327
"XiCBar",0.1982237824975324
"LambdaCBar",0.12172784393310876
"XiCBar",1.232404395000827
"BCMeson",1.1242009572087417
"DSMeson",0.019846623575579262
"BCMesonBar",0.13439600515302566
"LambdaCBar",0.16606862291682106
"XiC",0.1404156621675698
"LambdaCBar",0.09860755820961821
"BCMesonBar",0.23418537792779176
"XiCBar",0.06838373881887465
"DSMeson",0.17277312530204947
"DSMesonBar",0.5544842452384664
"DSMeson",0.5578673222557179
"LambdaC",0.47647167606904095
"BCMeson",0.04314473687632223
"DSMesonBar",0.28284255927710944
"LambdaCBar",0.12724127458627535
"DSMeson",1.3865470547738
"BCMeson",0.1374621197586546
"DSMeson",0.7715626349026808
"XiCBar",0.10900283740120509
"LambdaCBar",0.19602895464674489
"LambdaC",0.3339768895970182
"DZero",0.19263075137948044
"XiCBar",0.20769044010618823
"BCMesonBar",0.6965005531202294
"BCMesonBar",0.3859989740783403
"XiCBar",0.10547566776026598
"DSMeson",0.2197251433430274
"DZero",0.831148370274487
"DZeroBar",1.6372570877795924
"BCMesonBar",0.5376085235192556
"BCMeson",0.11362038677134279
"DZeroBar",0.048051784004452106
"DZeroBar",0.012189722847336009
"XiCBar",0.7127948891982349
"BCMeson",0.1197498031556659
"XiCBar",0.005648894261116718
"XiCBar",0.15836172564128506
"DSMesonBar",0.29271898335617175
"DZero",0.1774575375037434
"LambdaC",0.0969773258239871
"DSMesonBar",0.03265829771130184
"BCMeson",0.9532619694269885
"BCMesonBar",0.1660175759328224
"XiC",0.03945167542735884
"BCMesonBar",0.9051678990057029
"BCMesonBar",0.21913602809511937
"DSMeson",0.12247740828206984
"DZero",0.21315672242500389
"XiCBar",0.016775829347844155
"LambdaC",0.12024567394748845
"BCMeson",0.8248167253198619
"BCMeson",0.38586654072027143
"DZeroBar",0.7012767583565783
"XiCBar",0.6220950705879438
"BCMeson",0.45864620548198864
"BCMesonBar",0.07642255465866601
"DZeroBar",0.25978012216637103
"LambdaC",0.07034018984956898
"DZeroBar",2.649111833203662
"BCMesonBar",0.012481495180329212
"DSMeson",0.5273668341460445
"LambdaCBar",0.16230115971064846
"LambdaC",0.029116427656060546
"DSMesonBar",0.1454709599843068
"DSMesonBar",0.19272654918663
"DSMeson",0.0664377480319354
"BCMeson",0.09957695823915863
"DSMeson",1.6802033039028277
"LambdaC",0.13476299097775535
"BCMesonBar",0.4664565911299991
"LambdaC",0.5553359205081287
"LambdaC",0.16385239299843013
"XiCBar",0.07949261750349876
"DSMesonBar",0.35495212579673435
"BCMeson",0.16577117896772156
"BCMeson",0.11967673325762809
"LambdaCBar",0.24164575772293706
"DZero",0.141454393999739
"LambdaCBar",0.01624306120499174
"XiCBar",0.16125581035471626
"LambdaC",0.13767201071098809
"DZero",0.8686885685610033
"BCMeson",0.8551066210862268
"DZeroBar",0.04386721061812784
"XiCBar",0.6845112944019386
"LambdaC",0.24400519808781584
"BCMesonBar",0.34355996864050486
"XiCBar",0.4183885438564882
"DSMesonBar",0.4892791316677533
"XiC",0.2314075519713283
"XiC",0.7396354144403492
"DZeroBar",0.10398314827368252
"DSMeson",0.160125988176774
"DZero",0.43897780987233787
"LambdaCBar",1.0619691020926874
"DSMesonBar",0.13152730324800843
"DZero",0.5286721914478889
"LambdaCBar",0.324107536637946
"DSMesonBar",0.18184799281544664
"BCMesonBar",0.19559094737340257
"LambdaC",0.0878094888419273
"DZero",0.2868114247994086
"DZero",0.010674369734016705
"DZero",0.611708496390345
"BCMeson",0.16241165718730702
"XiCBar",0.3137152270286555
"DZeroBar",0.24694431409938988
"DSMesonBar",0.937241595827031
"DSMesonBar",0.17656669855118298
"DSMeson",0.5426703781458168
"DZeroBar",0.18410370713994484
"XiC",0.4342328149781527
"BCMesonBar",0.7639738350931583
"DSMesonBar",0.6504557684216844
"BCMeson",0.30897603955875286
"LambdaCBar",0.8426715483839987
"DSMesonBar",0.6034529985177498
"BCMesonBar",0.23278564205128358
"DZeroBar",0.11427181064180239
"DZeroBar",0.3655720808013665
"XiCBar",1.289614993929139
"BCMeson",0.24708516319973345
"LambdaCBar",0.1183088757794611
"DSMeson",1.075067073866878
"DSMeson",0.10578794523343692
"DZero",0.5270596859547739
"DSMeson",0.11512173615436498
"BCMeson",1.2229353438339492
"DZeroBar",0.1947930016607589
"LambdaCBar",0.0003949297673349333
"DZero",0.38613818530475336
"DSMesonBar",0.282123579155054
"LambdaC",0.0007650052003988547
"XiC",0.9884554023127831
"DSMesonBar",0.31217558620761315
"LambdaC",0.06374460827197487
"BCMesonBar",0.007103480890273467
"XiC",0.03837921452855787
"DSMeson",1.3375253403869547
"DZeroBar",0.1496976100705856
"LambdaCBar",0.14145631890193652
"DSMesonBar",0.16565112865995477
"LambdaCBar",0.050935474781688285
"XiC",0.8289595842790557
"LambdaCBar",0.02875892230526719
"XiCBar",0.0017308529236763216
"DZeroBar",0.21870550129197328
"XiCBar",0.30185956055374374
"LambdaC",0.2638358392853358
"BCMeson",0.8088523267372202
"DSMesonBar",0.3587992998843869
"DZero",0.17380449094237996
"LambdaCBar",0.2532324995930594
"XiCBar",0.6590614308446546
"BCMesonBar",0.16426079462000792
"DZero",0.09194450147681779
"BCMesonBar",0.19931536608998152
"DSMeson",0.5423398713936529
"BCMesonBar",0.03628712247609105
"DZeroBar",0.09096708855450569
"LambdaCBar",0.2601826448127729
"LambdaCBar",0.29245059378960236
"BCMeson",0.14919523855692707
"DSMeson",0.5283232994356055
"LambdaCBar",0.1687601965095839
"LambdaC",0.040653264403106154
"XiCBar",0.7428445724634382
"DSMeson",0.5279020760847793
"LambdaCBar",0.00587209562142292
"LambdaC",0.18120466404517294
"BCMesonBar",0.27334741782180566
"XiC",0.6184552925294265
"LambdaCBar",0.28115247774050856
"DSMesonBar",1.040299185292978
"LambdaCBar",0.11604218733766823
"BCMesonBar",0.17910534069522047
"LambdaCBar",0.29047892773955597
"XiC",0.27016146545773256
"BCMeson",0.3952377667826038
"DSMeson",0.39209489422049876
"BCMesonBar",0.6668152217791327
"XiCBar",1.6503234437246093
"DSMeson",0.300387452012553
"DZeroBar",0.3257407790556838
"DSMesonBar",0.3376512915560714
"XiCBar",1.256514916408706
"DSMeson",0.4510966372221445
"DZeroBar",0.6705247281719975
"XiC",0.18995613879986548
"BCMesonBar",0.10750607954820514
"BCMesonBar",0.16972785213960676
"BCMesonBar",1.2936069431874888
"BCMeson",0.38617892336744275
"LambdaC",0.06650760526828235
"XiC",0.44649876511996567
"LambdaCBar",0.7098681501444805
"BCMesonBar",0.7704868068850766
"XiCBar",0.23651569493362767
"DSMesonBar",0.7548509009203157
"DZero",0.03747277037288523
"XiCBar",0.07214045238301187
"BCMesonBar",1.1423039203157113
"BCMesonBar",0.34777764670712735
"BCMeson",0.045228772372694626
"BCMesonBar",0.1419524223794664
"LambdaC",0.0676281516508662
"DZeroBar",0.028049233257522378
"BCMeson",0.18885783314586033
"LambdaC",0.0936649154270011
"LambdaC",0.13136232645858215
"BCMeson",0.11235995449654472
"LambdaC",0.9649272317633399
"DSMeson",0.24672828278594408
"LambdaC",0.14650277056096003
"DSMeson",0.3376348849960011
"DSMeson",1.2421976100570291
"DSMesonBar",0.5581851747628062
"DSMeson",0.08563119543145004
"LambdaC",0.21078535602432807
"DSMesonBar",1.2032879911462544
"DZeroBar",0.3222902145624505
"DSMeson",0.514732881275113
"DZero",0.15387272985658335
"DZero",0.9001666068718107
"DZeroBar",0.10515273269334055
"XiC",0.6896966966940269
"DSMesonBar",0.18006183859968383
"XiC",1.5186968643627867
"XiC",0.9269566077639378
"DSMeson",0.14092118914585783
"DZero",0.018081391605761037
"DZero",0.18513282640966466
"XiC",0.21907678423183127
"DZero",1.5355329374431124
"LambdaCBar",0.329893979861142
"LambdaCBar",0.09090820414068813
"DSMesonBar",0.5288517873396006
"BCMesonBar",0.6297716693266486
"LambdaC",0.19593184149658374
"DZeroBar",1.5687749772627742
"DSMesonBar",0.14090280092998958
"XiCBar",0.890298836739538
"DSMesonBar",0.8374909830780458
"LambdaC",0.0784900850894758
"XiCBar",0.5815452419227412
"DZeroBar",0.5533142091961706
"DZeroBar",0.09898135661323831
"XiCBar",0.0652257033223219
"XiC",0.43421456371256795
"LambdaC",0.9165526944458797
"DSMesonBar",0.13347208235068508
"DZeroBar",0.2185412173328652
"DSMesonBar",1.7069196806585405
"LambdaC",0.5148336743850553
"DSMeson",0.062326925937239784
"LambdaC",0.0971544405077529
"DZeroBar",0.10175082674206899
"LambdaC",0.39976430929702
"XiCBar",0.5138902436723304
"DSMesonBar",0.13517274757807388
"BCMeson",0.45593029064481627
"DSMeson",0.39501034021999265
"DZero",0.9307990049449234
"DZeroBar",0.986172430865575
"XiC",0.009497822353797852
"XiCBar",0.14833251852115745
"DSMesonBar",0.9046806419246416
"XiCBar",0.8966063899764602
"XiCBar",0.002479072974132675
"XiC",0.7872016155151877
"BCMeson",0.05704103613403103
"DSMesonBar",0.3775335584435573
"BCMeson",0.4530598654757046
"DZeroBar",0.3743700137224233
"LambdaC",0.2843161922293372
"XiCBar",0.4424322833305392
"BCMesonBar",0.5013839745020287
"DZero",0.24689316322278257
"DSMeson",0.14746423500177566
"DSMesonBar",0.3403575905620881
"LambdaCBar",0.13596063932702246
"BCMesonBar",0.0833572748503383
"XiC",0.17799399812749397
"XiC",0.8165229374375105
"XiCBar",0.09362685696916485
"DZeroBar",0.3498203128969278
"BCMeson",1.4571830173364448
"DSMeson",0.12060710170591527
"DZeroBar",0.22014030707386917
"XiC",0.4350297616914374
"DZeroBar",0.3478377810844238
"LambdaC",0.04956223070289055
"XiC",0.6660864385431662
"DZeroBar",0.4688001921876037
"LambdaCBar",0.5138961218569514
"LambdaCBar",0.3429297637864763
"DZero",0.9554612954882689
"BCMeson",1.391813048272892
"BCMesonBar",0.04831725813246236
"DSMeson",0.9397407679865061
"DSMesonBar",0.5013928557999124
"LambdaCBar",0.016194589730984862
"DZero",0.21234426345112484
"DSMeson",0.1482116292890715
"DSMesonBar",0.16772963553692086
"XiCBar",0.2447682835617027
"BCMesonBar",0.03746106594976413
"DZero",0.48772900285131776
"DZero",0.33070190378358627
"LambdaCBar",0.10314708202824839
"BCMesonBar",0.22496413325098724
"DSMeson",0.09839043587675717
"LambdaC",0.3858120357075179
"BCMeson",1.654773443510555
"XiC",0.33009685914906955
"DSMeson",0.4492085336354564
"XiCBar",0.3341544139197046
"LambdaC",0.043738035044085764
"DZero",0.16674234893351123
"DSMesonBar",0.894222064254553
"LambdaCBar",0.20700448396356133
"DSMesonBar",0.13209524110255122
"XiC",1.1975644373316954
"DZero",0.9917350797670457
"DZero",0.2608454263943767
"XiC",0.2085454259286441
"DSMeson",0.3578239598737744
"BCMeson",0.8857976786503482
"XiC",0.004495057459820508
"BCMeson",0.49738495214272616
"DZeroBar",0.7734430753995704
"BCMeson",0.24654007574204637
"DSMeson",0.3803924802908502
"DZero",0.37941121981295844
"BCMesonBar",2.4786426626848725
"BCMesonBar",0.1406929999361757
"BCMesonBar",0.2964962230238337
"DSMesonBar",1.5527165576780815
"LambdaCBar",0.1475114256949811
"XiC",0.7259912378474357
"LambdaCBar",0.024542202511422667
"DZeroBar",0.16346600408947645
"DZeroBar",0.33755993831132053
"DZeroBar",0.002257245806987094
"LambdaC",0.09713316252488711
"DZeroBar",0.2293991718100566
"DSMeson",1.045413973769566
"DZeroBar",1.0681483268957352
"XiCBar",0.5067335241895111
"LambdaCBar",0.04396302198879476
"DSMeson",0.1760026172389097
"DSMeson",0.037605447285284484
"BCMeson",0.33967923395050753
"BCMeson",0.16580733226918587
"XiCBar",0.15466571086192277
"XiC",0.2598459806702745
"DZero",0.8416046626956614
"BCMesonBar",0.08659618882380873
"DZero",0.6633099710033188
"XiC",0.17426982366200214
"DZero",0.8647135854756061
"DSMesonBar",0.007342085416049777
"LambdaC",0.013543659152969477
"DSMeson",1.5392929008085874
"BCMeson",1.002170607273622
"DZeroBar",0.5641156770573372
"LambdaCBar",0.2383067160136815
"XiCBar",0.00016908326382179595
"DZeroBar",0.9981849843207155
"DZeroBar",0.10524524582944202
"LambdaC",0.11855425692156552
"LambdaC",0.25077485325722587
"DZero",0.4369176492019742
"BCMeson",0.22107285244603497
"BCMeson",0.03146983407658453
"XiCBar",0.10358746333618316
"XiC",0.18283218208855173
"DZeroBar",0.9382754862183597
"DSMesonBar",1.4298318482131895
"DSMeson",0.05422464617362292
"DZero",0.05823725193295056
"LambdaCBar",0.01560902286707645
"DSMesonBar",0.13922810611812445
"BCMesonBar",0.448853375399669
"XiCBar",0.11415963383516094
"XiC",0.2410588010933161
"BCMesonBar",0.6522338327900101
"XiCBar",0.4338228230365778
"XiC",0.26556079392754517
"DZeroBar",0.6082442576212429
"LambdaC",0.12823685962632414
"DZeroBar",0.39153610230113417
"LambdaC",0.024393416541743474
"DZero",1.0441928728251142
"BCMeson",0.0027373605751026143
"BCMeson",0.036622829465452714
"XiC",0.4743854701972421
"DSMesonBar",0.8664193416771414
"BCMeson",0.17137165273820562
"BCMeson",0.26226368362108776
"DZero",0.12835165232903564
"DSMeson",0.4574261770081878
"XiC",0.042987394865345696
"XiCBar",0.4411686880620132
"LambdaC",0.90892813568674
"LambdaCBar",0.05745922738491367
"DZero",0.9807750723482662
"XiC",1.1679735717448034
"DZeroBar",0.5905326373063756
"BCMeson",0.6068165157613781
"XiCBar",0.9550502526572237
"DZeroBar",0.19688437237625978
"DZeroBar",0.002475855122930848
"DSMesonBar",0.9529173165932331
"LambdaC",0.21840519104330702
"BCMeson",0.11014287043846006
"XiC",0.8025672951636517
"XiC",0.6578395208693881
"BCMesonBar",1.0757887571242994
"XiC",0.18188578221474758
"LambdaCBar",0.15547757331876327
"XiC",0.09814132847325047
"LambdaCBar",0.02520043909905799
"XiCBar",0.10802175457878105
"DZero",0.17705843846759003
"XiC",0.23615666996218604
"LambdaC",0.01363353159856285
"DZero",0.5884803167109578
"DSMesonBar",0.6029718301626846
"XiCBar",0.3723264447427671
"BCMeson",0.27355594567359703
"XiC",0.20469880131472648
"DSMesonBar",0.28096620030263936
"DSMesonBar",0.24021443566090103
"XiC",0.2991140651513011
"DZeroBar",0.3872206985325372
"DSMeson",0.3967138978545824
"DZeroBar",0.4211766185549304
"DSMesonBar",0.40677979683755056
"LambdaCBar",0.15795932148805603
"BCMeson",0.3010850250967952
"DSMeson",0.5153829107898199
"BCMeson",0.5855883705852042
"DZeroBar",0.5413398129290811
"DZero",0.18535293753748333
"DZero",1.209504278288402
"LambdaCBar",0.12266624902231166
"BCMeson",0.33251044790678536
"DZero",0.12473218729242537
"XiC",0.7607641163686935
"DSMesonBar",0.22658031629180458
"LambdaCBar",0.14777705875492472
"DZeroBar",0.15319235850528165
"DZero",0.6372569637311216
"DSMeson",0.045371141171357834
"DZero",0.18409261040752303
"DZero",0.030302114635195027
"XiC",0.5349971438838917
"LambdaCBar",0.2584600422854359
"XiC",0.220635699071054
"LambdaC",0.06210982041261377
"LambdaCBar",0.052100955735983404
"DZeroBar",0.35764741331498157
"DZeroBar",0.234431672989981
"DSMeson",0.10358904387975562
"LambdaC",0.06588910078892808
"BCMeson",0.1805503971902449
"DSMesonBar",0.021068926297771167
"BCMeson",0.45085574890327135
"DZeroBar",0.7653914639411595
"DSMesonBar",0.09445981346225406
"DSMeson",0.041485571498781654
"DZeroBar",0.25041263447889
"XiC",0.0057909100188481945
"BCMesonBar",0.047472972704935064
"BCMesonBar",0.006365522940237487
"DSMesonBar",0.26584736527233827
"DZero",0.46776686044990734
"DSMeson",0.2162273076299815
"DZero",0.24505345012776977
"DSMeson",0.5195238209745464
"LambdaC",0.04409047312862786
"DSMeson",0.2612817704162119
"DZeroBar",0.4111429839814087
"XiC",0.23984922143480075
"DSMesonBar",0.23144946141671902
"LambdaC",0.09492195278706417
"XiCBar",0.6434489876975402
"BCMesonBar",0.2909613130163617
"BCMeson",0.38662809732220227
"DZero",0.03771351365290409
"BCMesonBar",0.6721728067084711
"DSMeson",0.956914369869647
"XiC",1.9697309233551432
"DZero",1.551554849288433
"XiCBar",0.2657148848805098
"XiC",0.6006998779495262
"LambdaCBar",0.2243211031802903
"DZeroBar",1.5559409434322249
"XiC",1.2573401615982622
"XiC",0.028184318333562944
"DZeroBar",0.5967557431407591
"DSMeson",1.4087213691479965
"DSMeson",0.6832628011406741
"DSMesonBar",0.003262544655009945
"DSMesonBar",0.27617016135586875
"DZeroBar",0.15832579967606777
"DSMeson",0.23526130236114395
"LambdaCBar",0.0021737440055796774
"BCMesonBar",0.03599456872815261
"LambdaCBar",0.09987814036017906
"DZeroBar",0.5737355705593012
"XiCBar",0.6519497027849044
"DSMesonBar",0.14732922174655289
"LambdaCBar",0.07653100766908134
"DSMesonBar",0.31664962780352424
"LambdaCBar",0.22740525791066274
"DSMeson",0.539814022676318
"XiC",0.13635865724561771
"BCMeson",0.36919790115731926
"BCMeson",0.3752396965964492
"LambdaC",0.018430380965142948
"BCMeson",1.382295691647847
"DSMesonBar",0.7925521775225105
"DSMesonBar",0.42646612435219244
"DZero",1.0470822551012315
"LambdaCBar",0.04354705182547031
"BCMeson",0.06539959573095486
"DZero",0.5457633438565269
"BCMesonBar",0.7448638013707649
"LambdaC",0.03697956148791305
"DZeroBar",0.055650356163948984
"DSMeson",0.0014877195044657946
"DZeroBar",2.006889874883883
"DZeroBar",0.19880986313025478
"BCMesonBar",0.6146464463910697
"BCMesonBar",0.1518970626183669
"XiCBar",0.08290227661451964
"LambdaC",0.03650134655789577
"DSMesonBar",0.536007774247681
"BCMesonBar",0.2654588591468967
"BCMeson",0.3771007024440274
"XiCBar",0.27361002466406115
"BCMesonBar",0.05241249691733998
"BCMeson",0.1785928577414867
"LambdaC",0.11175424982451546
"BCMesonBar",0.18946879101939337
"XiCBar",0.38085904901011425
"LambdaC",0.22010357367358271
"XiCBar",0.2196955417137353
"LambdaCBar",0.010138934168461658
"LambdaC",0.051994883041296194
"XiC",0.020346128196737426
"DSMeson",0.39154586737325525
"LambdaCBar",0.05492989744359265
"DSMesonBar",0.09868544427918773
"DZero",0.009447545091987305
"DZero",0.1374775989916852
"LambdaC",0.027782136820116477
"LambdaCBar",0.10785001411726072
"DZero",0.23691539852522903
"DZero",0.27551700248662875
"BCMesonBar",0.33132047765301387
"DZeroBar",0.1274797077539013
"DZeroBar",1.0068349883601881
"BCMesonBar",0.43687957123249443
"DZero",0.06611231457936383
"XiC",0.22966842015075575
"LambdaC",0.03776870081380515
"BCMeson",0.020938726334592747
"DSMesonBar",0.20692041961647453
"DSMesonBar",0.09436147434053786
"DZero",0.18844809999301337
"XiC",0.6352249954759638
"DSMeson",0.3131642719186109
"BCMeson",0.07606162766068894
"XiCBar",0.5924249086244564
"XiC",0.5208865044881498
"XiCBar",0.5928135216115078
"BCMeson",1.0839808182931925
"XiCBar",0.260938214016165
"BCMesonBar",0.22063251065740597
"DZeroBar",0.20446092155242065
"BCMeson",2.175083010515045
"BCMeson",0.07776388627224597
"DZero",0.14773709362694737
"DSMesonBar",0.13937064313954664
"XiCBar",0.1412213937178712
"DZeroBar",1.572453952962849
"XiC",0.7335486833651875
"XiCBar",0.6835020859987997
"XiC",0.32026678533292896
"XiC",0.7002119206162719
"DZero",0.23887378160524272
"DZero",0.5491421615909162
"DZero",1.1174614408373948
"BCMesonBar",0.670390580812301
"BCMeson",0.29446454332434663
"DSMesonBar",0.7834326078945504
"XiCBar",0.3193334976078276
"DSMesonBar",0.6756844764983067
"BCMeson",0.023316039729631925
"LambdaC",0.08466755359924477
"LambdaCBar",0.141549942989563
"LambdaC",0.008179040072797832
"DSMeson",0.2832184049127581
"DZeroBar",0.1941249777095089
"DZeroBar",1.0070513720957024
"DSMesonBar",0.5796656286441937
"DZero",0.2529901062020102
"DZeroBar",1.4126990597873095
"XiCBar",0.3893262916830889
"BCMesonBar",0.8433572146608697
"BCMeson",0.2769487744893538
"LambdaC",0.11744745419542457
"LambdaC",0.08437563661215858
"XiCBar",0.7593918535895142
"DSMesonBar",2.129207258868136
"BCMesonBar",0.9315845968040527
"XiCBar",0.4331376428440969
"DSMesonBar",0.012282776167436258
"LambdaC",0.1161246759838724
"BCMesonBar",0.2929184805538106
"BCMesonBar",0.2178297552603415
"XiC",0.297269186037025
"DZero",0.07551707726201246
"BCMesonBar",0.8533427653967647
"XiC",0.5108269461425406
"LambdaC",0.3769535121184297
"BCMesonBar",2.0131850842203876
"DSMesonBar",0.954978768931006
"DSMeson",0.7076676859862765
"XiCBar",0.9029890518022798
"BCMeson",0.2843063521660789
"XiC",0.7673873722510409
"BCMesonBar",1.0922627505682587
"DSMesonBar",0.034166737229103995
"LambdaCBar",0.10644451527811319
"DZeroBar",0.04396256692225813
"DSMesonBar",0.6963024344868962
"XiCBar",0.6069719811768658
"LambdaCBar",0.13835774298220416
"BCMeson",0.04861044189539248
"BCMesonBar",0.49734101657161256
"BCMeson",0.043988843270654346
"XiC",0.2690851848364484
"DSMesonBar",0.17472725882902165
"LambdaC",0.1732091341629366
"BCMesonBar",1.5327843947748065
"BCMesonBar",0.05855369326763315
"BCMesonBar",0.2582724293851646
"XiCBar",0.3705864203431561
"LambdaC",0.028916311542435548
"LambdaCBar",0.12226641039681739
"DSMeson",0.03527473231622634
"DSMeson",0.31049698135372933
"XiCBar",0.12541650177827685
"BCMeson",0.5677003722264369
"DZeroBar",0.01915183496024299
"DZeroBar",0.3067206097454287
"LambdaCBar",0.6535822941078537
"DSMeson",0.43766797925615936
"LambdaCBar",0.24497309198743508
"BCMeson",0.18596284564780505
"DSMesonBar",0.09086029767813489
"LambdaC",0.29789657943146536
"DZeroBar",0.4298533662516439
"BCMesonBar",0.40108951093951767
"XiC",2.190258644943087
"DSMesonBar",0.5253318743721981
"XiCBar",0.000775136649789658
"XiCBar",0.17654048790192306
"DZero",1.2908561759624244
"DSMeson",0.18461982776147606
"BCMeson",0.420555976026525
"DZeroBar",0.7380465851828634
"BCMesonBar",0.04366653052425474
"BCMesonBar",0.27206898916135097
"BCMesonBar",0.7674204419692263
"DZero",0.05690473674704576
"DZeroBar",0.07653342260047795
"BCMeson",0.6425663214545838
"LambdaC",0.204782102067275
"BCMeson",0.7045057945075447
"BCMeson",0.6269786804727638
"DSMeson",0.5051946360963301
"XiC",0.13242022530938907
"BCMeson",0.1628134258973142
"DZeroBar",0.6091635752266628
"DZero",0.5861962624847598
"BCMesonBar",0.5159416437195619
"BCMesonBar",0.35978793057294667
"DSMesonBar",0.055008834384058077
"DZeroBar",0.650606530862937
"DSMesonBar",0.7944695876052044
"BCMeson",0.4015823765986069
"XiCBar",1.0094261661739352
"LambdaCBar",0.03644264048412571
"XiC",0.6174533434028495
"LambdaC",0.2507363729868115
"DSMesonBar",1.6977679461646615
"LambdaCBar",0.0667274588028631
"DSMesonBar",0.06380947816278235
"DSMesonBar",0.7704233290367756
"DSMeson",0.4503649259351945
"XiCBar",1.6150908013127578
"DSMeson",0.16612809254916946
"BCMesonBar",0.1866017190501266
"XiCBar",1.3595464638447377
"DZero",0.28044420868984404
"DSMesonBar",0.060874304670797415
"LambdaCBar",0.30774818194536663
"DSMeson",0.10545731062318188
"DZeroBar",0.06284256430632988
"LambdaC",0.10979942120026016
"XiCBar",0.4736721717575374
"LambdaCBar",0.1801456987931779
"DZeroBar",0.8342326521494399
"BCMesonBar",0.08676160962163483
"BCMesonBar",0.04398737887019547
"XiC",0.2970367656071456
"LambdaC",0.17131436638788847
"XiCBar",0.5455745678790879
"XiC",0.8911885100645229
"XiCBar",0.14676367394528472
"DZero",0.09454128145120617
"LambdaC",0.32408421226865547
"BCMeson",0.21585689711660244
"BCMeson",1.8072723538146158
"LambdaC",0.38552528576469797
"LambdaCBar",0.06865779600232362
"XiCBar",0.47668632190871557
"DZero",0.2014499500201535
"XiC",0.32125909867280167
"LambdaC",0.11210237669863571
"BCMeson",0.2129873104453258
"BCMeson",0.13183663641997972
"DSMesonBar",0.4251404029437076
"LambdaCBar",0.09484966422399829
"DSMeson",0.30194923706602833
"DSMesonBar",0.8722194294296433
"XiC",0.37961171600807886
"LambdaC",0.1983548062522208
"LambdaCBar",0.018651724654073713
"XiC",0.07773729103750833
"BCMeson",0.5872926277867254
"DZero",0.12290913615602855
"DZero",0.39288763606617655
"DZero",0.6842404446248875
"LambdaCBar",0.05475210824408814
"XiCBar",0.3998414766301601
"LambdaC",0.2252956385539276
"DSMeson",1.414206380459739
"BCMesonBar",0.8192380116942796
"LambdaC",0.09907790159913499
"XiC",0.013569376068208632
"XiC",0.12790726739190922
"BCMesonBar",0.030151637646490606
"DZero",0.7585890873589806
"DSMeson",0.15917629415288248
"DSMeson",0.2866114573325623
"DSMesonBar",0.18871787282558017
"DZero",0.3094733754635234
"LambdaCBar",0.26532324766865334
"DZero",0.08818679170936133
"DSMesonBar",0.04243855694724214
"BCMeson",0.20592409133449838
"XiCBar",1.12746149439868
"XiCBar",0.2890256707351754
"DZero",0.5633347527652465
"BCMeson",0.49176164046411414
"DSMesonBar",0.11262693712878674
"DSMesonBar",1.2391727625480857
"LambdaCBar",0.24244876401451393
"BCMesonBar",0.3020528224242577
"LambdaCBar",0.0017221424256448825
"BCMesonBar",0.12283125207454156
"LambdaCBar",0.6009155177768948
"DZeroBar",0.06666885031985942
"XiCBar",0.29607118764583923
"XiC",0.21859716001638002
"BCMesonBar",1.293040953954216
"DZero",0.13360063425621135
"DZeroBar",1.3873905794884582
"BCMeson",1.4248466398782378
"BCMeson",0.5918315932573289
"DZero",0.34909600367815974
"DSMeson",0.13091189045626841
"BCMeson",0.5644915618499146
"DSMesonBar",2.4805889001234918
"DSMeson",0.17166750999690306
"LambdaCBar",0.0697815880320379
"LambdaCBar",0.2678646027990458
"DZero",0.4584798935411957
"DSMesonBar",0.17577415133114882
"BCMeson",0.4170200666474934
"LambdaCBar",0.008646269498963095
"DSMesonBar",0.5773480361514828
"DZero",0.12428533904216049
"DZeroBar",0.620083158384518
"DSMesonBar",0.43411689997161834
"DSMeson",0.567483646517117
"BCMesonBar",0.35617526353142726
"DZero",0.23332692101841962
"BCMeson",0.17360728300642056
"DZero",0.2587631200146443
"DZeroBar",0.08900253680251384
"DZero",0.016823809061682227
"XiC",1.144184075502962
"BCMeson",0.9893777588368001
"DZeroBar",0.6555624597741365
"BCMesonBar",0.16900153468601672
"DSMeson",2.1514045686086414
"BCMeson",0.15697480112574194
"BCMeson",1.1508376046563142
"DSMesonBar",0.21162578959591924
"LambdaC",0.11477817595196034
"BCMeson",0.16176336145291842
"LambdaC",0.11951078213961569
"DSMesonBar",1.0123203324952537
"LambdaC",0.9125923719133738
"BCMesonBar",0.06940822720964025
"LambdaC",0.004804704362435923
"XiC",0.0949515192908689
"LambdaC",0.7217101812561754
"XiCBar",0.232964939369206
"XiC",0.6507593727531894
"XiC",0.24776527773458082
"DSMesonBar",0.3095484702689084
"DZero",0.1762223715160026
"DZeroBar",0.1252170151933345
"DZeroBar",0.5522969960885875
"DZeroBar",0.23640955677445585
"LambdaC",0.07299926763299772
"DZeroBar",0.21278091275775296
"DZero",0.06421580387054353
"XiC",2.6599041446396745
"XiCBar",0.4796382722121575
"XiC",0.05751968015410825
"BCMeson",0.34808473831663206
"BCMesonBar",0.9663314654937563
"DSMeson",0.3026984331065247
"DSMesonBar",1.5717351057649118
"DSMeson",0.6154147399348489
"DSMeson",0.27287952424325285
"DZeroBar",0.9794410940712682
"DZero",0.2160490078969519
"DSMeson",0.4677382447441904
"XiCBar",0.2823363386073609
"XiCBar",0.8137402524571783
"DZeroBar",0.21916387201734022
"DZero",0.5159890623264574
"BCMesonBar",0.0703010440832908
"DZeroBar",0.301031884848851
"DSMesonBar",0.10487495117784836
"DZeroBar",0.23561014884456552
"LambdaCBar",1.2669471897160731
"XiC",0.2439054349002596
"XiC",0.5902699893091987
"LambdaC",0.43558805914681503
"XiC",0.11734654225532537
"DZeroBar",0.2038347487802757
"DZeroBar",0.38857584164281567
"DSMesonBar",0.31936037163781067
"DZeroBar",0.009657360510094016
"DSMeson",0.6888825925261168
"LambdaC",0.020931028239527565
"BCMeson",0.19591534455938148
"BCMeson",0.07660772333339601
"XiCBar",0.30715812497113987
"LambdaC",0.12383867732878776
"LambdaC",0.04832906683613434
"XiC",0.6903053297594658
"XiCBar",0.5263556328970308
"LambdaC",0.023707939532953526
"LambdaCBar",0.0813251499300312
"DSMeson",0.453384265748018
"LambdaCBar",0.017992012979073654
